"Volume","VolumeMissing"
76656300,76656300
64431100,64431100
68549500,68549500
94022700,94022700
84795800,84795800
64433900,64433900
72645800,72645800
7.3e+07,NA
64852600,64852600
47297100,47297100
44925500,44925500
57239500,57239500
84555800,84555800
67714900,67714900
73965900,73965900
60543900,60543900
55847600,55847600
91360800,91360800
54027200,54027200
59342200,59342200
74191900,74191900
49959200,49959200
85981400,85981400
62659300,62659300
58508800,58508800
50134100,50134100
64640600,64640600
53730100,53730100
42007500,42007500
41266300,NA
37209500,37209500
45022200,45022200
37080900,37080900
35393400,35393400
33647800,33647800
41514400,41514400
61622800,61622800
49116200,49116200
47531600,47531600
41994500,41994500
47310800,47310800
59906400,59906400
56376100,56376100
34775000,34775000
44417800,44417800
39665300,39665300
53488500,53488500
47217900,47217900
29592100,29592100
37797600,37797600
47272800,47272800
38761100,38761100
60601900,60601900
37894700,37894700
51625800,51625800
72646300,72646300
75686000,75686000
68334700,68334700
41072800,41072800
54088900,54088900
41032400,41032400
41913100,41913100
54910400,54910400
27854300,27854300
60427600,60427600
43070200,43070200
45895500,45895500
30366800,30366800
28358600,28358600
34780200,34780200
33729600,33729600
54522800,54522800
49436600,49436600
38578300,38578300
22120800,22120800
35630900,35630900
37375700,37375700
30139400,30139400
41241500,41241500
50333800,50333800
49223400,49223400
42796300,42796300
65739200,65739200
104487600,104487600
71663500,71663500
54602300,54602300
50444200,50444200
35057400,35057400
38032700,38032700
35538100,35538100
46221000,46221000
35482900,35482900
30514600,30514600
50354000,50354000
45023900,45023900
74140400,74140400
35671500,35671500
54176800,54176800
44101300,44101300
49096000,49096000
35734300,35734300
33800700,33800700
30830500,30830500
27561900,27561900
33348300,33348300
38692500,38692500
60330900,60330900
36548500,36548500
35088800,35088800
42316100,42316100
32548500,32548500
38858200,38858200
27995600,27995600
54856600,54856600
37922200,37922200
44788800,44788800
38127600,38127600
54390700,54390700
71243200,71243200
81642600,81642600
72749200,72749200
51654400,51654400
81412400,81412400
56115100,56115100
86255200,86255200
70338800,70338800
116397800,116397800
79136200,79136200
65914600,65914600
48082100,48082100
58791700,58791700
72640600,72640600
44631700,44631700
52207600,NA
75582600,75582600
67181500,67181500
49112300,49112300
36853400,36853400
42528700,42528700
52538600,52538600
76342800,76342800
64736500,64736500
44391600,44391600
53540600,53540600
91448800,91448800
49862900,49862900
42197000,42197000
46022200,46022200
41881700,41881700
41092700,41092700
56318500,56318500
45505200,45505200
46369900,46369900
52532700,52532700
64549300,64549300
54534000,54534000
49877700,49877700
42474800,42474800
63152300,63152300
59713700,59713700
64845900,64845900
40852500,40852500
47878400,47878400
68022300,68022300
78499200,78499200
58207300,58207300
39647000,39647000
47857300,47857300
41297200,41297200
55275700,55275700
17574100,17574100
53246100,53246100
80781000,80781000
61282400,61282400
45961000,45961000
42399600,42399600
43008300,43008300
44357600,44357600
75429600,75429600
58338000,58338000
59279300,59279300
41557600,41557600
46751600,46751600
50047800,50047800
51006500,51006500
46155500,46155500
39108700,39108700
39780800,39780800
39961400,39961400
49423400,49423400
57817500,57817500
8673800,8673800
23231600,23231600
22443900,22443900
27584200,27584200
27975400,27975400
42357300,42357300
91464500,91464500
65032900,65032900
48808800,48808800
35636600,35636600
59083800,59083800
51679400,51679400
39583200,39583200
58696400,58696400
57115500,57115500
76428600,76428600
50498800,50498800
51643600,51643600
52957100,52957100
49429000,49429000
53902500,53902500
35832800,35832800
29919400,29919400
44733000,44733000
47008900,47008900
63035000,63035000
39369800,39369800
38594200,38594200
40974500,40974500
51612200,51612200
46596000,46596000
60722800,60722800
37651700,37651700
37593400,37593400
36786800,36786800
44874100,44874100
47587600,47587600
44224000,44224000
63430900,63430900
76409400,76409400
56059600,56059600
52400300,52400300
61576000,61576000
57714000,57714000
64454700,64454700
58489400,58489400
57664400,57664400
68035700,68035700
44898700,44898700
55171900,55171900
70218400,70218400
40275400,40275400
37674800,37674800
56552400,56552400
39862300,39862300
49693300,49693300
38894600,38894600
33498000,33498000
51105500,51105500
36841700,36841700
33576400,33576400
42929400,42929400
37563100,37563100
38028800,38028800
33005100,33005100
32592200,32592200
37849000,37849000
42763300,42763300
43744800,43744800
32757200,32757200
45247300,45247300
61982800,61982800
60569500,60569500
42024500,42024500
40682600,40682600
42941400,42941400
60448200,60448200
63790400,63790400
45465200,45465200
34806900,34806900
34145800,34145800
42582500,42582500
38224600,38224600
49886000,NA
39343600,39343600
40652200,40652200
45052800,45052800
46014800,46014800
41815600,41815600
50945400,50945400
44269700,44269700
55914400,55914400
58152400,58152400
41394900,41394900
43997500,43997500
40695200,40695200
57087400,57087400
53419600,53419600
37284100,37284100
53195200,53195200
37234800,37234800
48063600,48063600
41216600,41216600
42332100,42332100
26029600,26029600
42888200,42888200
35346600,35346600
40982400,40982400
38515500,38515500
34869600,34869600
49303700,49303700
41646700,41646700
53854700,53854700
151697500,151697500
67962100,67962100
69932400,69932400
76957400,76957400
49372400,49372400
50410100,50410100
53044600,53044600
51943800,51943800
65481800,65481800
76656900,76656900
80815300,80815300
70345000,70345000
68249700,68249700
84988500,84988500
72620200,72620200
63858200,63858200
48681300,48681300
77807700,77807700
63562800,63562800
34149100,34149100
57648600,57648600
53507600,53507600
73848000,73848000
89828400,89828400
74887900,74887900
79892000,79892000
98863000,98863000
96553800,96553800
57109500,57109500
62042100,62042100
77366100,77366100
71030900,71030900
83101300,83101300
80606500,80606500
57020100,57020100
55085100,55085100
60407100,60407100
54030300,54030300
55134100,55134100
55576300,55576300
59625800,59625800
83272800,83272800
71381700,71381700
60914400,60914400
45576200,45576200
35477300,35477300
48730600,48730600
55038600,55038600
51558800,51558800
54921500,54921500
51720400,51720400
45347100,45347100
57883400,57883400
55744000,55744000
48371600,48371600
46069000,46069000
60623500,60623500
55663700,55663700
50516700,50516700
32857100,32857100
58140400,58140400
66790200,66790200
86969600,86969600
77957400,77957400
51444400,51444400
57279400,57279400
45864800,45864800
48750200,48750200
44670900,44670900
41224000,41224000
55756400,55756400
51894800,51894800
56278400,NA
76653900,76653900
62986100,62986100
84156500,84156500
72720800,72720800
72311200,72311200
65195700,65195700
76123100,76123100
68218600,68218600
78381500,78381500
61416800,61416800
65440500,65440500
56912400,56912400
85399200,85399200
81753200,81753200
83505000,83505000
77757500,77757500
48236600,48236600
109131100,109131100
155210300,155210300
103266700,103266700
73323700,73323700
87945600,87945600
74188700,74188700
91799700,91799700
86356300,86356300
69819200,69819200
85986500,85986500
79050400,79050400
80766700,80766700
77160500,77160500
85017800,85017800
80962600,80962600
71532500,71532500
81286600,81286600
66486000,66486000
49747500,49747500
40879200,40879200
54639500,54639500
65938300,65938300
64924500,64924500
73472600,73472600
52772600,52772600
51321400,51321400
64934300,64934300
90938900,90938900
59559700,59559700
53680200,53680200
70854100,70854100
50910900,50910900
20667400,20667400
83017000,NA
53659700,53659700
75039800,75039800
87944700,87944700
71640400,71640400
71922900,71922900
58576400,58576400
55585900,55585900
54295800,54295800
53468200,53468200
51245600,51245600
52191400,52191400
54053300,54053300
59466800,59466800
69088400,69088400
35447500,35447500
21515900,21515900
29989200,NA
31252300,31252300
56796600,56796600
49986600,49986600
57135100,57135100
50271500,50271500
57114300,57114300
63853500,63853500
55719700,55719700
58692700,58692700
54995200,54995200
66865000,66865000
80562500,80562500
99754800,99754800
54420100,54420100
67963800,67963800
57401500,57401500
60169100,60169100
51948900,51948900
60831600,60831600
56559500,56559500
58387000,58387000
63040400,63040400
55537500,55537500
65637900,65637900
43773800,43773800
41066900,41066900
50881700,50881700
47355000,47355000
49537900,49537900
52977000,52977000
47251200,47251200
38401800,38401800
54625400,54625400
54749800,54749800
50500400,50500400
51793600,51793600
52122900,52122900
61341900,61341900
49143300,49143300
58507600,58507600
53413000,53413000
50289500,50289500
65249200,65249200
58274100,58274100
50779600,50779600
49337000,49337000
56422200,56422200
91034200,91034200
57545600,57545600
49677600,49677600
61890000,61890000
78008100,78008100
73086100,73086100
77678200,77678200
62210200,62210200
64608400,64608400
68798500,68798500
73448400,73448400
64780300,64780300
60596500,60596500
44360100,44360100
46430300,46430300
37304200,37304200
66443100,66443100
45993300,45993300
56811800,56811800
55164700,55164700
56633700,56633700
59299000,59299000
48778100,48778100
56516400,56516400
44893000,44893000
41744200,41744200
41620500,41620500
62708600,62708600
106294400,106294400
68959100,68959100
50354700,50354700
60474700,60474700
63125000,63125000
65451700,65451700
60849000,60849000
51125000,51125000
60841900,60841900
64415500,64415500
52929100,52929100
59571700,NA
55276200,55276200
62109200,62109200
53515100,53515100
54055600,54055600
51872500,51872500
68815600,68815600
46439800,46439800
57713200,57713200
71834200,71834200
56693900,56693900
59059300,59059300
56797200,56797200
49470700,49470700
60999000,60999000
36898400,36898400
71371300,71371300
69176900,69176900
122283700,122283700
69245000,69245000
73472400,73472400
67898600,67898600
79271300,79271300
88161800,88161800
105871500,105871500
50303400,50303400
52440200,52440200
54241500,54241500
59508600,59508600
58853400,58853400
52015900,52015900
50766600,50766600
62519500,62519500
69563700,69563700
78909400,78909400
59628100,59628100
63799700,63799700
61250600,61250600
52904900,52904900
63348200,63348200
51457500,51457500
64496600,64496600
74291500,74291500
40502400,40502400
56553100,56553100
64980800,64980800
78521900,78521900
63261600,63261600
46535400,46535400
76909400,76909400
102323700,102323700
128925700,128925700
71736800,71736800
65296900,65296900
52851200,52851200
61074300,61074300
49058200,49058200
58119100,58119100
52627700,52627700
45462200,45462200
68217600,68217600
40786200,40786200
68692100,68692100
48494900,48494900
53570000,53570000
51979800,51979800
57799000,57799000
48517800,48517800
57453600,57453600
41624600,41624600
48475100,48475100
51882500,51882500
51830000,51830000
21622800,21622800
59081000,59081000
55966300,NA
47210300,47210300
66434900,66434900
120604100,120604100
52037500,52037500
65213400,65213400
58217200,58217200
48631600,48631600
41986600,41986600
58841200,58841200
60714800,60714800
63744700,63744700
68429900,68429900
52154000,52154000
49792900,49792900
57999300,57999300
56654900,56654900
51931600,51931600
36350400,36350400
48748000,48748000
52827300,52827300
46619000,46619000
53550300,53550300
48490600,48490600
43934300,43934300
59596400,59596400
57560700,NA
68682000,68682000
65800400,NA
63410200,63410200
59519900,59519900
42385100,42385100
66635500,66635500
28955800,28955800
47943100,47943100
41147400,41147400
76072800,76072800
46206700,46206700
41697500,41697500
66909700,66909700
110833700,110833700
55199000,NA
52536500,52536500
43090700,43090700
50250800,NA
49873700,49873700
48215300,48215300
55915500,55915500
37237300,37237300
57041700,57041700
47727900,47727900
55581700,55581700
39557700,39557700
53324900,53324900
42009400,42009400
45615300,45615300
42140200,42140200
48461500,48461500
54424600,54424600
41184300,41184300
49291000,49291000
52569600,52569600
59409400,59409400
64927100,64927100
57338800,57338800
47996500,47996500
59523800,59523800
45646200,45646200
45783200,45783200
38861700,38861700
42781700,42781700
13253800,13253800
47063000,47063000
41987300,41987300
49743600,49743600
61217300,61217300
66215400,66215400
66864300,66864300
81626300,81626300
81153700,81153700
56879100,56879100
48042500,48042500
60872700,60872700
56367000,56367000
57924100,57924100
52707200,52707200
55145700,55145700
33894800,33894800
37282300,37282300
15596500,15596500
11868800,11868800
36514900,36514900
31563100,31563100
32092800,32092800
37343200,37343200
42611900,42611900
38007600,38007600
63665000,63665000
50596000,50596000
56841100,56841100
50664500,50664500
68191900,68191900
75452000,75452000
82565000,82565000
54502900,54502900
47694300,47694300
56228700,56228700
51950200,51950200
45845000,45845000
41329300,41329300
51436200,51436200
61499400,61499400
84928900,84928900
64192400,64192400
65039500,65039500
62375400,62375400
79361900,79361900
74618700,74618700
55401000,55401000
36540300,36540300
36344100,36344100
52150100,52150100
38205500,38205500
63292500,63292500
40220700,40220700
42232600,NA
60100700,60100700
70620300,70620300
92175800,92175800
68433000,68433000
54661900,54661900
45906300,45906300
58987700,58987700
65372800,65372800
65223700,65223700
68249000,NA
60135800,60135800
118682400,118682400
105763200,105763200
92538800,92538800
88033100,88033100
97958600,97958600
56526800,56526800
54857000,54857000
67306500,67306500
55548300,55548300
70686100,70686100
83734500,83734500
73006200,73006200
70217700,70217700
69501200,69501200
84754400,84754400
65644100,65644100
66249300,66249300
62191000,62191000
57809100,57809100
55051700,55051700
78672000,78672000
47534500,47534500
70147800,70147800
72680200,72680200
71791400,71791400
51016700,51016700
83164700,83164700
79211500,79211500
90498900,90498900
63905000,63905000
51522500,51522500
50610200,50610200
61959800,61959800
65165300,65165300
65204700,65204700
56761000,56761000
53607000,53607000
61432500,61432500
76355500,76355500
71322000,71322000
61588700,61588700
60991900,60991900
41486800,41486800
54138700,54138700
69608900,69608900
71539700,71539700
82353000,82353000
81059000,81059000
59959000,59959000
51872800,51872800
64859800,64859800
55177200,55177200
77032600,77032600
52381300,52381300
46798400,46798400
45718100,45718100
65523400,65523400
50431600,50431600
55379500,55379500
48045200,48045200
51164300,51164300
49706200,49706200
56286200,56286200
62251700,62251700
37487500,37487500
48237500,48237500
46163000,46163000
42508600,42508600
37832900,37832900
47001700,47001700
34035000,NA
38966500,38966500
52413700,52413700
43528400,43528400
46902000,46902000
51711400,51711400
55033300,55033300
68915000,68915000
51702300,51702300
52663300,52663300
50573400,50573400
68757000,68757000
46758300,46758300
60479300,60479300
45902500,45902500
47125200,47125200
38190800,38190800
59662200,59662200
77788900,77788900
283538400,283538400
95308000,95308000
85373900,85373900
58998200,58998200
60254800,60254800
72208300,72208300
75064700,75064700
75635600,75635600
81010800,81010800
87134700,87134700
78531400,78531400
104103900,104103900
83593700,83593700
67142500,67142500
59729200,59729200
56196400,56196400
55750000,55750000
55989300,55989300
44138600,44138600
56624800,56624800
60898200,60898200
70257800,70257800
71215300,71215300
59703500,59703500
57635800,57635800
61340100,61340100
57308500,57308500
58080900,58080900
50437200,50437200
52267600,52267600
60583200,60583200
44164900,44164900
47383800,47383800
43030700,43030700
79067200,79067200
61731300,61731300
71285400,71285400
172209600,172209600
77890100,77890100
75333400,75333400
95633700,95633700
67196300,67196300
81674100,81674100
52849200,52849200
59712200,59712200
57764200,57764200
93816900,93816900
74890500,74890500
59345700,59345700
62599600,62599600
68326100,68326100
62089700,62089700
56423800,56423800
78060400,78060400
63569000,63569000
72528600,72528600
73823500,73823500
74330300,74330300
72053700,72053700
57720900,57720900
74716700,74716700
67165500,67165500
49603700,49603700
78499600,78499600
149009700,149009700
83884100,83884100
69746900,69746900
60292700,60292700
84806900,84806900
81351700,81351700
76560700,76560700
58136500,58136500
60217200,60217200
58924900,58924900
63922000,63922000
66702100,66702100
62332400,62332400
49790900,49790900
70811600,70811600
85151700,85151700
61146600,61146600
73254400,73254400
51251300,51251300
47597700,47597700
88258000,88258000
67583100,67583100
92808700,92808700
66704100,66704100
61415500,61415500
80856100,80856100
66373900,66373900
80311000,80311000
58668000,58668000
92066600,92066600
52012100,52012100
23031100,23031100
66808800,66808800
88946000,88946000
84149400,84149400
109438600,109438600
142326300,142326300
63400700,63400700
68931000,NA
78960300,78960300
112089700,112089700
73460100,73460100
57206500,57206500
76379900,76379900
64347800,64347800
63974700,63974700
93531700,93531700
50719500,50719500
67182000,67182000
55746800,55746800
35032100,35032100
38878600,38878600
41466900,41466900
48375600,48375600
32584800,32584800
31951800,31951800
64246900,64246900
93729100,93729100
73848800,73848800
63440900,63440900
82523000,82523000
65393900,65393900
114083400,114083400
143219700,143219700
73856600,73856600
65148200,65148200
63728200,63728200
71776900,71776900
68547100,68547100
80971200,80971200
83759500,83759500
94826800,94826800
69891500,69891500
78986900,78986900
76572300,76572300
60540400,60540400
67031800,67031800
73565400,73565400
60735900,60735900
67594800,67594800
53757300,53757300
85233700,85233700
69909500,69909500
74162700,74162700
101956900,101956900
59197400,59197400
80599700,80599700
85307400,85307400
80239800,80239800
58126700,58126700
80059700,80059700
92071900,92071900
78619300,78619300
73552200,73552200
78925000,78925000
84308400,84308400
78910100,78910100
85790700,85790700
66040200,66040200
88515000,88515000
55791600,55791600
64168700,64168700
81906000,81906000
114213100,114213100
45827400,45827400
47097500,NA
59791000,59791000
49047800,49047800
62777800,62777800
39608900,39608900
49092300,49092300
54286400,54286400
34664000,34664000
42922000,42922000
53920200,53920200
62360100,NA
41543800,41543800
68253800,68253800
60426700,60426700
48086400,48086400
53942200,53942200
53264800,53264800
45961000,45961000
41972300,41972300
84545900,84545900
54061100,54061100
68014000,68014000
92484400,92484400
53761600,53761600
83774200,83774200
110176600,110176600
87063100,87063100
65435600,65435600
53857700,53857700
71256500,71256500
56785200,56785200
57393400,57393400
55078900,55078900
41187800,NA
67738300,67738300
62027600,62027600
64257800,64257800
54715400,54715400
57982700,57982700
59638900,59638900
58065800,58065800
82029500,82029500
67874000,67874000
45569200,45569200
62302100,62302100
68753500,68753500
51994800,51994800
53930700,53930700
65404500,65404500
76674100,76674100
81197900,81197900
59779000,59779000
49826600,NA
62666000,62666000
77530200,77530200
54343400,54343400
55343100,55343100
47224400,47224400
60604200,60604200
42500000,42500000
76005400,76005400
74824000,74824000
49858500,49858500
37499600,37499600
60011300,60011300
51069500,51069500
58919300,58919300
35186800,35186800
48227300,48227300
32816100,32816100
61673000,61673000
63600500,63600500
47178400,47178400
55753700,55753700
33784300,33784300
45129600,45129600
30414000,30414000
42739100,42739100
45479700,45479700
45597400,45597400
45807100,45807100
45578400,45578400
40837400,40837400
44086700,44086700
68554200,68554200
43558000,43558000
36667600,36667600
90418200,90418200
125881500,125881500
62008800,NA
54527900,54527900
49767600,49767600
51978200,51978200
48199200,48199200
54438300,54438300
41287900,41287900
34737200,34737200
40887400,40887400
32677200,32677200
45198700,45198700
46185700,46185700
27948300,27948300
46902400,46902400
61089200,61089200
58664800,58664800
63074500,63074500
34077200,34077200
57319000,57319000
46718500,46718500
37985700,37985700
38310800,38310800
39766100,39766100
46010000,46010000
47565800,47565800
31624200,31624200
37205900,37205900
37652200,37652200
41536900,41536900
41497200,41497200
49495400,NA
33334500,33334500
37063400,37063400
35810100,35810100
55398500,55398500
99695900,99695900
50565500,50565500
57202700,57202700
59291600,59291600
51583200,51583200
72332800,72332800
37848500,37848500
41848200,41848200
48989500,48989500
42372800,42372800
41386700,41386700
52193800,52193800
57300400,57300400
68717500,68717500
55900900,55900900
37520600,37520600
49168200,49168200
52847800,52847800
45711500,45711500
61527000,61527000
30718200,30718200
38495300,38495300
41646800,41646800
77117900,77117900
68060200,68060200
44232300,44232300
45289800,45289800
78862600,78862600
91423500,91423500
62486500,62486500
63304300,63304300
53173300,53173300
54626000,54626000
51506100,51506100
41690800,41690800
55358800,55358800
58127600,58127600
84900700,84900700
63804900,63804900
63945100,63945100
37057500,37057500
49974300,49974300
39967500,39967500
39819700,39819700
82211500,82211500
40317600,40317600
31035000,31035000
37542700,37542700
49435300,49435300
39396500,39396500
38919000,38919000
34916400,34916400
86040000,86040000
80686900,80686900
45653800,45653800
78716200,78716200
56364700,56364700
50114500,50114500
49840000,49840000
51722600,51722600
47747700,47747700
50918500,50918500
65558600,65558600
104607200,104607200
80102100,80102100
75565800,75565800
46475500,46475500
107658500,107658500
69675900,69675900
72050600,72050600
45251900,45251900
45877700,45877700
34541900,34541900
26452100,26452100
16616900,16616900
28968400,28968400
26518000,26518000
26749300,26749300
31681600,31681600
56401200,56401200
46188800,46188800
54876800,54876800
45703200,45703200
39457800,39457800
47031300,47031300
52999900,52999900
54026700,54026700
46308900,46308900
88055500,88055500
282028400,282028400
196293400,196293400
155195000,155195000
155081900,155081900
105641800,105641800
110311300,110311300
101961600,101961600
75188600,75188600
60422500,60422500
79350800,79350800
71658400,71658400
87473400,NA
101402300,101402300
66858200,66858200
95298200,95298200
77601800,77601800
81803900,81803900
83023300,83023300
65889500,65889500
60125600,60125600
67175700,67175700
70607000,NA
116649100,116649100
67212800,67212800
138566500,138566500
85297300,85297300
73154000,73154000
87156900,87156900
93248100,93248100
80722800,80722800
86237800,86237800
202812000,202812000
81728300,81728300
90707500,90707500
82850000,82850000
69718300,NA
61506700,61506700
80524700,80524700
69318400,69318400
69788800,69788800
66058200,66058200
110821300,110821300
58650100,58650100
124284600,124284600
84910700,84910700
84336400,84336400
60424100,60424100
60280300,60280300
72692200,72692200
78986300,78986300
70641700,70641700
87499200,87499200
73344300,73344300
67093000,67093000
73019400,73019400
51707700,51707700
54523300,54523300
52152400,52152400
60169600,60169600
44072500,44072500
77378500,NA
76273800,76273800
78082100,78082100
103771800,103771800
127052000,127052000
92182400,92182400
67594200,67594200
90281100,90281100
85359800,85359800
134460200,134460200
89978400,89978400
75869800,75869800
52909500,52909500
68692200,68692200
42441200,42441200
51087200,51087200
102795400,102795400
66287600,66287600
60520500,60520500
56976700,56976700
66530900,66530900
62462200,62462200
67068600,67068600
83390900,83390900
76112600,76112600
189166200,189166200
84566300,84566300
89346200,89346200
108894700,108894700
68212600,68212600
61157600,61157600
65587400,65587400
76030000,76030000
76997200,76997200
71258300,71258300
63914200,63914200
82277100,82277100
108997200,108997200
114389700,114389700
83418800,83418800
64666000,64666000
116064700,116064700
117591300,117591300
71506000,71506000
83664700,83664700
61509400,61509400
50887900,50887900
53899700,53899700
45409300,45409300
48909400,48909400
36205800,36205800
61133200,61133200
65687300,65687300
76666000,76666000
54002100,54002100
25048100,25048100
51632300,51632300
35026000,35026000
57542500,57542500
43060600,43060600
76813100,76813100
76732200,76732200
78659200,78659200
65420500,65420500
63855500,63855500
69040900,69040900
84949400,84949400
136083600,136083600
82603200,82603200
54838700,54838700
47364300,47364300
58194900,58194900
54399100,54399100
67306400,67306400
42813200,42813200
39658000,39658000
41676800,41676800
58432000,58432000
52987200,52987200
32853500,32853500
45404900,45404900
56902300,56902300
56529900,56529900
41429700,41429700
61408800,61408800
49983300,49983300
68487700,68487700
63929800,63929800
61895700,61895700
55186800,55186800
67402200,67402200
58397100,58397100
48177800,48177800
67059700,67059700
68405300,68405300
74624700,74624700
70874700,70874700
46176100,46176100
68302800,68302800
80198200,80198200
76688700,76688700
76842800,76842800
49942000,49942000
57210500,57210500
58584500,58584500
63946600,63946600
53450900,53450900
71462900,71462900
54073800,54073800
62041700,62041700
60897400,60897400
59113600,59113600
48765500,48765500
55961500,55961500
95999900,95999900
131829700,131829700
98036700,98036700
73305600,73305600
51710400,51710400
80567600,80567600
78890600,78890600
53715500,53715500
63556800,63556800
46476300,46476300
73980400,73980400
106865400,106865400
81941100,81941100
78944400,78944400
93626600,93626600
117951400,117951400
115013500,115013500
73635800,73635800
61151200,61151200
53105200,53105200
62841600,62841600
53309500,53309500
44042700,44042700
99919800,99919800
41171900,41171900
55491300,55491300
57883600,57883600
68204800,68204800
47924400,47924400
47833000,47833000
48489800,48489800
52943400,52943400
52833700,52833700
31864200,31864200
45829100,NA
74391100,74391100
104300100,104300100
65568900,65568900
56835000,56835000
65794500,65794500
87522600,87522600
41640800,41640800
23076000,23076000
52691900,52691900
53901800,53901800
55212100,55212100
47485000,NA
65117600,65117600
62659300,62659300
33748700,33748700
46963900,46963900
55815100,55815100
41723600,41723600
37802100,37802100
45888000,45888000
47987600,47987600
49471000,49471000
81300400,81300400
48970900,48970900
47440100,47440100
30772600,30772600
48988800,48988800
35337100,35337100
30535300,30535300
31892600,31892600
29665000,29665000
37099300,37099300
69001200,69001200
88902300,88902300
64550800,64550800
52839100,52839100
54381000,54381000
76346900,76346900
99263900,99263900
90707700,90707700
132197800,132197800
192479200,192479200
101259500,101259500
64459100,64459100
77064300,77064300
66796000,66796000
55953800,55953800
57199100,57199100
62234300,62234300
99681400,99681400
61693700,61693700
47840000,47840000
50473200,50473200
55291300,55291300
63384700,63384700
56861600,56861600
57645400,57645400
40270500,40270500
80404400,80404400
48013400,48013400
55316100,55316100
56559400,56559400
44728000,44728000
47511800,47511800
47945200,47945200
69355500,69355500
52430400,52430400
75768100,75768100
72228200,72228200
99034300,99034300
102774400,102774400
108287900,108287900
95602100,95602100
88237400,88237400
66882600,66882600
68343100,68343100
46507200,46507200
51056700,51056700
68184600,68184600
66226600,66226600
70074300,70074300
52048300,52048300
56509100,56509100
59139800,59139800
62861900,62861900
61537800,61537800
50898400,50898400
37566600,37566600
39226400,39226400
50285100,50285100
50042600,50042600
71000900,71000900
60162400,60162400
54240600,54240600
53274700,53274700
49475500,49475500
36683100,36683100
117593100,117593100
94796500,94796500
90710100,90710100
63681100,63681100
44046400,44046400
56647300,56647300
104587400,104587400
112621700,112621700
97553200,97553200
120196700,120196700
55767600,55767600
85220200,85220200
68950800,68950800
62587700,62587700
48819400,48819400
60430900,60430900
60719800,60719800
68653800,68653800
71127400,71127400
53037600,53037600
36978500,36978500
49529000,49529000
72643900,72643900
65528600,65528600
46752400,46752400
50199300,50199300
57409000,NA
60776000,60776000
58022700,58022700
68319300,68319300
51141900,51141900
66447600,66447600
63578800,63578800
86970900,86970900
38037600,38037600
48537900,48537900
58288200,58288200
49304200,49304200
48706100,48706100
48184200,48184200
55921800,55921800
69039300,69039300
65427200,65427200
60978800,60978800
42220000,42220000
59703700,59703700
75402700,75402700
85675800,85675800
159229100,159229100
56919200,56919200
67154400,67154400
62999600,62999600
56127800,56127800
70452900,70452900
50088600,50088600
49305100,49305100
50784400,50784400
47660000,47660000
50633200,50633200
48790600,48790600
29204400,29204400
36687300,36687300
51408200,51408200
76331300,76331300
64931900,64931900
56054600,56054600
134702600,134702600
64189600,64189600
50045600,50045600
122061900,122061900
134435700,134435700
62612300,62612300
95624900,95624900
56431300,56431300
68543100,68543100
50743000,50743000
86328700,86328700
79410500,79410500
69472300,69472300
61619000,61619000
92766600,NA
74873100,74873100
77219000,77219000
64096700,64096700
59835600,59835600
75754600,75754600
71677400,71677400
68821100,68821100
50460400,50460400
55469500,55469500
63242900,63242900
118374800,118374800
94355000,94355000
57345400,57345400
58065500,58065500
51215500,51215500
38610600,38610600
51695900,51695900
45799500,NA
56189600,56189600
82168400,82168400
68903300,68903300
56843900,56843900
77887400,77887400
59594700,59594700
49595300,49595300
65685000,65685000
107382200,107382200
61962300,61962300
60821100,60821100
65045000,65045000
66854900,66854900
46370300,46370300
72076600,72076600
69117900,69117900
51971400,51971400
70411400,70411400
50334900,50334900
50665900,50665900
68642200,68642200
47541400,47541400
44063300,44063300
54672800,54672800
45948000,45948000
76290500,76290500
44415700,44415700
72211600,72211600
34606900,34606900
43878600,43878600
38317200,38317200
91274900,91274900
48670300,48670300
74615900,74615900
107955700,107955700
187866100,187866100
66200000,66200000
80777400,80777400
62800500,62800500
67310100,67310100
89794300,89794300
57691300,57691300
61642300,61642300
53264600,53264600
41449000,41449000
64819100,64819100
86590500,86590500
58633800,58633800
55392500,55392500
69334400,69334400
71488100,71488100
91404900,91404900
71692500,71692500
72660600,72660600
62116600,62116600
63262500,63262500
67012000,67012000
80440400,80440400
52318600,52318600
74694200,74694200
69533000,69533000
36581600,36581600
53157500,53157500
62931100,62931100
60141900,60141900
43272300,43272300
65565000,65565000
56131600,56131600
44505400,44505400
68523700,68523700
60508000,60508000
47506200,47506200
45473800,45473800
67572400,67572400
56574000,56574000
53456100,53456100
68738500,68738500
64820000,64820000
44708400,44708400
33581900,33581900
40096600,40096600
58620800,58620800
22486400,22486400
21346200,21346200
29577500,29577500
35391400,35391400
23687800,23687800
84278800,84278800
85190500,85190500
174093400,174093400
112063700,112063700
80520800,80520800
73239600,73239600
81185100,81185100
75915200,75915200
85033000,85033000
129312400,129312400
309347600,309347600
172761000,172761000
143864100,143864100
146951600,146951600
173781800,173781800
90383900,90383900
104701200,104701200
68633200,68633200
78365800,78365800
96055500,96055500
100753400,100753400
66087600,66087600
65724200,65724200
85581600,85581600
73305800,73305800
76942200,76942200
54170800,54170800
53777900,53777900
57734900,57734900
49788900,49788900
71583500,71583500
78256600,78256600
65726300,65726300
72005800,72005800
78890400,78890400
134283800,134283800
82397200,82397200
81112100,81112100
80981700,80981700
56138700,56138700
77164100,77164100
75603600,75603600
124099900,124099900
62225500,62225500
65547200,65547200
73715200,73715200
66986800,66986800
78159700,78159700
53034800,53034800
66660600,66660600
80049300,80049300
67466600,67466600
72379700,72379700
69668600,69668600
67373400,67373400
53798700,53798700
48236100,48236100
51872200,51872200
71530200,71530200
59424400,59424400
48072200,48072200
55507200,55507200
43778700,43778700
45300800,45300800
41385700,41385700
39684800,39684800
55225500,55225500
63451700,63451700
72043600,72043600
66927100,66927100
60084300,60084300
93477400,93477400
109029400,109029400
57733400,57733400
68281200,68281200
47810500,47810500
56298500,56298500
61977900,61977900
51298500,51298500
47604400,47604400
47695200,47695200
40664300,40664300
56505700,56505700
71506000,71506000
59077200,59077200
38631100,38631100
46003800,46003800
54228300,54228300
50106000,50106000
40044600,40044600
34425100,34425100
39476600,39476600
59397400,59397400
77447300,77447300
59985800,59985800
61246100,61246100
73929600,73929600
64445700,64445700
41170000,41170000
59073500,59073500
52821500,52821500
50288400,50288400
54937400,54937400
55484500,55484500
50569500,50569500
65482900,65482900
57510100,57510100
51960800,51960800
69864000,69864000
57224700,57224700
56570700,56570700
59797500,59797500
60253600,60253600
43003400,43003400
44772000,44772000
43990500,43990500
41535000,41535000
48519900,48519900
71018300,71018300
46279200,46279200
46126600,46126600
54778100,54778100
56482100,56482100
60068800,60068800
50166900,50166900
66857400,66857400
47772900,47772900
41363800,41363800
47325800,47325800
58443500,58443500
68343100,68343100
93629500,93629500
74358200,74358200
49072300,49072300
100047200,100047200
87306000,87306000
94030200,94030200
54733400,54733400
48686600,48686600
74321500,74321500
56708400,56708400
61416300,61416300
40234600,40234600
49863200,49863200
47493600,47493600
52616100,52616100
65269400,65269400
42123200,42123200
41598200,41598200
54578500,54578500
49927000,49927000
113395100,113395100
69455500,69455500
51679900,51679900
51900400,51900400
46340500,46340500
50431900,50431900
43120100,43120100
45839600,45839600
66159500,66159500
54152400,54152400
54971900,54971900
45352600,45352600
42328200,NA
39519900,39519900
39153600,39153600
30305300,30305300
53554000,53554000
44071100,44071100
73837200,73837200
87863800,87863800
67373000,67373000
63278600,63278600
71239500,71239500
66190200,66190200
85607000,85607000
61077400,61077400
75521100,75521100
103752800,103752800
93136100,93136100
126532800,126532800
107675000,107675000
48899300,48899300
64671800,64671800
67876800,67876800
69705600,69705600
68353700,68353700
93067800,93067800
84089900,84089900
74450600,74450600
80680400,80680400
83407600,83407600
111110100,111110100
90115400,90115400
124271200,124271200
106013200,106013200
166831600,166831600
99262800,99262800
124442300,124442300
141131200,141131200
120891700,120891700
93872200,93872200
74062300,NA
78715200,78715200
78516000,78516000
85195700,85195700
96012400,96012400
80541800,80541800
102361500,102361500
99351500,99351500
134857200,134857200
94902700,94902700
54065800,54065800
71411200,71411200
68927600,68927600
108708400,108708400
73428200,73428200
52853700,52853700
84853800,84853800
72675400,72675400
143460400,143460400
74873700,74873700
60210900,60210900
96916400,96916400
73707700,73707700
114060100,114060100
104114400,104114400
98132700,98132700
84213900,84213900
71468300,71468300
26023500,26023500
60830800,60830800
63839000,63839000
77247200,77247200
78387100,78387100
85179900,85179900
78042400,78042400
88120000,88120000
74889000,74889000
73846300,73846300
69873000,69873000
60647200,60647200
100659300,100659300
66997400,66997400
74156300,74156300
72433900,72433900
42388700,NA
33805400,33805400
11410800,11410800
14813900,14813900
31939500,31939500
37105200,37105200
34063800,34063800
52208200,52208200
57320400,57320400
61631400,61631400
131389200,131389200
63101600,63101600
45551100,45551100
54082500,54082500
65565100,65565100
69549600,69549600
73153900,73153900
83985300,83985300
71563900,71563900
56622000,56622000
72704000,72704000
63162200,63162200
49562500,49562500
45615800,NA
57065400,57065400
51354500,51354500
47000100,47000100
69886500,69886500
56695700,56695700
77692400,77692400
61024500,61024500
62677300,62677300
64735500,64735500
94001200,94001200
57378700,57378700
76366300,76366300
55953700,55953700
60690300,60690300
51305600,51305600
56175100,56175100
73617900,73617900
88416500,88416500
74644300,74644300
108225000,108225000
69012700,69012700
69764500,69764500
64495900,64495900
76602000,76602000
84412100,84412100
76644500,76644500
79191400,79191400
87044700,87044700
92478000,92478000
82085400,82085400
84846000,NA
66631100,66631100
72651200,72651200
64928700,64928700
91361600,91361600
66560800,66560800
84639100,84639100
64167500,64167500
59468600,59468600
94510300,94510300
77554300,77554300
45694300,NA
55433000,55433000
62044500,62044500
75052800,75052800
77688000,77688000
51137100,51137100
47650800,47650800
52741800,52741800
68332300,68332300
58560100,58560100
45423200,45423200
92083600,92083600
152727500,152727500
68775100,68775100
67299700,67299700
66489000,66489000
85204200,85204200
95293600,95293600
74517400,74517400
67621900,67621900
64601800,64601800
55510200,55510200
60855600,60855600
77775200,77775200
50861600,50861600
88096300,88096300
67894300,67894300
66328400,66328400
90338200,90338200
94098000,94098000
69490100,69490100
73714000,73714000
75872500,75872500
71224300,71224300
61813300,61813300
44691600,44691600
59048200,59048200
60337700,60337700
59548500,59548500
44344900,44344900
64342900,64342900
60488000,60488000
59109200,59109200
77293300,77293300
75465600,75465600
58397000,58397000
49799000,49799000
49080500,49080500
62834200,62834200
44070000,44070000
64051300,64051300
48782300,48782300
53221200,53221200
47621900,47621900
60420500,60420500
54084700,54084700
59351300,59351300
57990500,57990500
71511000,71511000
70833600,70833600
70659600,70659600
53321600,53321600
55503100,55503100
70252000,70252000
59308200,59308200
67489500,67489500
92515000,92515000
54945500,54945500
47324300,47324300
69194600,69194600
80897100,80897100
65658200,65658200
51148600,51148600
61791800,61791800
95548700,95548700
186137900,186137900
90052900,90052900
84212400,84212400
77865900,77865900
63780400,63780400
141096200,141096200
151443300,151443300
51683400,51683400
42326100,42326100
60037100,60037100
50331700,50331700
60640900,60640900
47557600,47557600
44330800,44330800
46880800,46880800
60035000,60035000
66862100,66862100
59429500,59429500
46899600,46899600
32772600,32772600
52940100,52940100
44091800,44091800
43590800,43590800
48360500,48360500
42482600,42482600
48165500,48165500
44858000,44858000
55163300,55163300
38709600,38709600
62060100,62060100
61587600,61587600
51412600,51412600
105102800,105102800
53486200,53486200
74478300,74478300
41572500,41572500
47507500,47507500
47277800,47277800
45582000,45582000
48804700,48804700
49461000,49461000
59413200,59413200
52416900,52416900
48283500,48283500
49554100,49554100
64594100,64594100
53493800,53493800
36161000,36161000
38173500,38173500
72090600,72090600
52362100,52362100
39476400,39476400
37809400,37809400
42035200,42035200
64725300,64725300
70648800,70648800
58171800,58171800
56630400,56630400
74185400,74185400
49526400,49526400
74199400,74199400
55944900,55944900
65087300,65087300
116652700,116652700
164972400,164972400
80532900,80532900
75760800,75760800
68147600,68147600
67829000,67829000
88171800,88171800
66659000,66659000
82639200,82639200
63005700,63005700
68171500,68171500
87595200,87595200
77273500,77273500
92276300,92276300
63613700,63613700
101618400,101618400
85837100,85837100
66146600,66146600
44158900,44158900
51383100,51383100
59517800,59517800
61333700,61333700
77009600,77009600
43957400,43957400
64782200,64782200
37596600,37596600
43215700,43215700
108665100,108665100
49130500,49130500
42994500,42994500
52428500,52428500
46706900,46706900
35747700,35747700
48593600,48593600
47225800,47225800
35774000,35774000
49758300,49758300
86311300,86311300
47082900,47082900
63988900,63988900
53660100,NA
43211800,43211800
39141600,39141600
35705000,35705000
43142500,43142500
96648500,96648500
52267400,52267400
98974800,98974800
56874600,56874600
36092900,36092900
30573800,30573800
12189200,12189200
27397000,27397000
29331800,29331800
26273600,26273600
26429200,26429200
47800900,47800900
52357700,52357700
40037400,40037400
54041500,NA
48234700,48234700
51086400,51086400
69958400,69958400
71446700,71446700
150821600,150821600
198078600,198078600
82573500,82573500
65670100,65670100
73633300,73633300
116302400,116302400
73785600,73785600
65298900,65298900
74926200,74926200
76974600,76974600
96053900,96053900
50338300,50338300
63332500,63332500
45582300,45582300
90931100,90931100
88711700,88711700
62563200,62563200
69454100,69454100
56250600,56250600
58837300,58837300
91108900,91108900
69083400,69083400
47296700,47296700
42613600,42613600
40760000,NA
38730600,38730600
62245300,62245300
51070100,51070100
48789400,NA
47795300,47795300
51203300,51203300
59399000,59399000
49909900,49909900
62750100,62750100
45879700,45879700
35742100,35742100
83168700,83168700
58435600,58435600
53778700,53778700
39584500,39584500
34378000,34378000
123060900,123060900
77805900,77805900
54458500,54458500
77998500,77998500
47405700,47405700
64740900,64740900
54729000,54729000
52428700,52428700
45700500,45700500
34467900,34467900
37886300,37886300
45983800,45983800
45491000,45491000
34942900,34942900
47056500,47056500
62539800,62539800
40824500,40824500
45528700,45528700
49353000,49353000
122395600,122395600
159980600,159980600
110819600,110819600
102974900,102974900
71310800,71310800
65991400,65991400
73899300,73899300
73666100,73666100
56963700,56963700
57727600,57727600
78937600,78937600
109052100,109052100
59059400,59059400
81864000,81864000
55449900,55449900
90704300,90704300
96854100,96854100
160695900,160695900
139360500,139360500
112607400,112607400
102689700,102689700
83343400,83343400
62099000,62099000
83526200,83526200
64550400,64550400
76636100,76636100
89530600,89530600
106551000,106551000
111769100,111769100
56436100,56436100
96151400,96151400
85666800,85666800
83236800,83236800
72712600,72712600
57164500,57164500
61537200,61537200
54614400,54614400
67919400,67919400
65435200,65435200
91377800,91377800
58981200,58981200
57168300,57168300
49491800,49491800
68877500,68877500
62082000,62082000
43764600,43764600
37270900,37270900
64872600,64872600
48844300,48844300
58831100,58831100
61352400,61352400
62003900,62003900
94683200,94683200
54468400,54468400
79050800,79050800
64294700,64294700
88020000,88020000
58093400,58093400
60697600,60697600
72806800,72806800
65407600,65407600
52843800,52843800
56587900,56587900
103191800,103191800
199002600,199002600
118558200,118558200
80451500,80451500
63430400,63430400
72666400,72666400
71775300,71775300
74465500,74465500
62115500,62115500
50929500,50929500
53975800,53975800
51673900,51673900
83811400,83811400
67395900,67395900
50316200,NA
60929200,60929200
85639700,85639700
44475000,44475000
50833800,50833800
46082800,46082800
136352400,136352400
99079200,99079200
86580600,86580600
57384800,57384800
48721100,48721100
60836400,60836400
58982400,58982400
159900400,159900400
95174400,95174400
71954400,71954400
75107400,75107400
63350600,63350600
69586000,69586000
135184300,135184300
73718900,73718900
111601400,111601400
73611500,73611500
53192100,53192100
59143200,59143200
58636500,58636500
101747000,101747000
65019600,65019600
68814700,68814700
73870900,73870900
64479500,64479500
56107300,56107300
69165800,69165800
70436600,70436600
44935100,44935100
69131400,69131400
61569400,61569400
51954700,51954700
55749300,55749300
51071000,51071000
61019600,61019600
62484300,62484300
75382200,75382200
41275000,41275000
67082000,67082000
61004600,61004600
54990000,54990000
51794600,51794600
46528700,46528700
52722400,52722400
94743400,94743400
173827300,173827300
59255900,59255900
64052800,64052800
54985100,54985100
85409800,85409800
84884600,84884600
74287500,74287500
50129800,50129800
45769400,45769400
56344600,56344600
48151900,48151900
71144000,71144000
60774400,60774400
51593700,51593700
60959100,60959100
53044600,53044600
66048200,66048200
55960500,55960500
53006900,53006900
46639500,46639500
48072100,48072100
69682800,69682800
100662400,100662400
50076900,50076900
62890100,62890100
44262100,44262100
68847000,68847000
49134200,49134200
40328600,40328600
44856200,44856200
42449700,42449700
19147500,19147500
46887900,46887900
52406500,52406500
52939300,52939300
48095800,48095800
43907400,43907400
31861200,31861200
46991400,46991400
68959600,68959600
79874700,79874700
52407700,52407700
78296300,78296300
41699300,41699300
42701400,42701400
35224900,35224900
57138100,57138100
34211900,34211900
34102300,34102300
49206900,49206900
27960800,27960800
18604300,18604300
21169600,21169600
20848400,20848400
18876000,18876000
15743700,15743700
58223800,58223800
75206200,75206200
61810500,NA
116669000,116669000
74806100,74806100
51449700,51449700
64452600,64452600
53380600,53380600
104066300,104066300
154888800,154888800
55272100,55272100
43339000,43339000
56170800,56170800
63697600,63697600
82375700,82375700
72327200,72327200
57196100,57196100
58069200,58069200
55193100,55193100
90844300,90844300
60971000,60971000
46928100,46928100
39846000,39846000
39353500,39353500
43643100,43643100
48215100,48215100
44601400,44601400
56661800,56661800
43716600,43716600
45134600,45134600
50640200,50640200
55214100,55214100
50185500,50185500
55060500,55060500
64515600,64515600
83648300,83648300
54496400,54496400
53475700,53475700
66390100,66390100
57987400,57987400
52192300,52192300
50504000,50504000
64664800,64664800
57520200,57520200
57165700,NA
60415900,60415900
69121300,69121300
45640700,45640700
48954200,48954200
80464000,80464000
84812700,84812700
59048300,59048300
74001300,74001300
43392300,43392300
45962800,45962800
37924600,37924600
49378300,49378300
52478400,52478400
37109400,37109400
59545200,59545200
54565700,54565700
87528000,87528000
82621500,82621500
69372800,69372800
62605700,NA
56267400,56267400
51606400,51606400
46474900,46474900
43166300,43166300
52110300,52110300
38977500,38977500
52706900,52706900
44283000,44283000
46481400,46481400
81426500,81426500
174554500,174554500
77640100,77640100
81676700,81676700
105300000,105300000
68452900,NA
5.5e+07,5.5e+07
156189000,156189000
71970500,NA
110500000,110500000
137107200,137107200
94292200,94292200
100005900,100005900
73296400,73296400
66314300,66314300
85800000,85800000
66300000,66300000
53099500,53099500
74471600,74471600
86074100,86074100
65592900,65592900
98367500,98367500
63124700,63124700
64900000,64900000
51736300,51736300
49375900,49375900
44432200,44432200
67162300,67162300
59575300,59575300
56011400,56011400
53445700,53445700
53937700,53937700
49667100,49667100
60300000,60300000
49513200,49513200
36986100,36986100
53233300,53233300
43550000,43550000
51995000,51995000
48556700,48556700
53634800,53634800
96504000,96504000
37358400,37358400
55384300,55384300
37679600,37679600
54189000,54189000
124407700,124407700
45183400,45183400
36515100,36515100
31660400,31660400
53930200,53930200
35837100,35837100
33358200,33358200
43269800,43269800
53107000,53107000
35838800,35838800
34663100,34663100
51048100,51048100
43265500,43265500
47571900,47571900
49959400,49959400
45195400,45195400
55706900,55706900
57158800,57158800
80125400,80125400
45085500,45085500
40716100,40716100
45573600,45573600
59198500,59198500
36736700,36736700
51897500,51897500
51674300,51674300
56976600,56976600
65640300,65640300
86743900,86743900
101800300,101800300
137491600,137491600
116628500,116628500
95403800,95403800
75327100,75327100
54183200,54183200
46288900,46288900
44763700,44763700
51304900,51304900
92196400,92196400
79157400,79157400
48904000,48904000
54210800,54210800
53521400,53521400
51597200,51597200
53819400,53819400
40646100,40646100
39098800,39098800
55288500,55288500
40781200,40781200
42807600,42807600
44255600,44255600
46090100,46090100
42985100,42985100
61406600,61406600
53318000,53318000
60222400,60222400
58352700,58352700
53239300,53239300
90738900,90738900
57738000,57738000
71495200,71495200
66811700,66811700
94232800,94232800
74135600,74135600
64847800,64847800
88219700,88219700
74789100,74789100
85510500,85510500
64453700,64453700
95768300,95768300
77896900,77896900
70932100,70932100
58483000,58483000
58425800,58425800
40172800,40172800
50604700,50604700
59913300,59913300
51288900,51288900
44894100,44894100
47936100,47936100
85272200,85272200
139956200,139956200
88682000,88682000
123273100,123273100
138273600,138273600
60939200,60939200
58249900,58249900
84559200,84559200
44897400,44897400
43121800,43121800
68002400,68002400
56626000,56626000
58297700,58297700
46476000,46476000
51137900,51137900
55961900,55961900
56872200,56872200
45508700,45508700
43867200,43867200
49418100,49418100
77391300,77391300
74241700,74241700
62125300,62125300
45683600,45683600
58579300,58579300
48479200,48479200
52698400,52698400
28346900,28346900
39753000,39753000
44191100,44191100
73450200,73450200
51820400,51820400
41486500,41486500
42526800,42526800
49516000,49516000
54791500,54791500
58000600,58000600
44071500,44071500
94831300,94831300
78519000,78519000
56395100,56395100
38692600,38692600
94567200,94567200
42243000,42243000
46309500,46309500
45222100,45222100
32002200,32002200
24832700,24832700
24136000,24136000
23703400,23703400
22319300,22319300
21710100,21710100
44845600,44845600
47504000,47504000
49490600,49490600
36343500,36343500
47478600,47478600
41060900,41060900
57170000,57170000
44420500,44420500
63313400,63313400
60438600,60438600
62687000,62687000
64946300,64946300
101272500,101272500
69663500,69663500
56220400,56220400
54757900,54757900
61678200,61678200
50587400,NA
60694100,60694100
45325300,45325300
46330600,46330600
34780300,34780300
42191600,42191600
36772600,36772600
33101300,33101300
37072100,37072100
35754200,35754200
33616000,33616000
24723000,24723000
25409300,NA
35832700,35832700
42450700,42450700
74254100,74254100
34911800,34911800
51973800,51973800
33800100,33800100
39309500,39309500
46022400,46022400
32820500,32820500
41856200,41856200
39413000,39413000
29632800,29632800
32332200,32332200
37196700,37196700
32720900,32720900
37261600,37261600
29396700,29396700
24006900,24006900
33796800,33796800
46835700,46835700
34191900,34191900
54672100,54672100
26937200,26937200
22684900,22684900
22212900,22212900
23395100,23395100
24899500,24899500
32799700,32799700
24365100,24365100
35152000,35152000
39616000,NA
43024400,43024400
28853500,28853500
34152500,34152500
30845100,30845100
22033800,22033800
22965500,22965500
36272100,36272100
26668200,26668200
37053200,37053200
34480900,34480900
37480000,37480000
61288000,61288000
72249100,72249100
43035900,43035900
38058500,38058500
37791200,37791200
35010600,35010600
40854600,NA
46644900,46644900
33310200,33310200
28810500,28810500
43316200,43316200
40434700,40434700
41219000,41219000
34573600,34573600
37385900,37385900
53087400,53087400
40599300,40599300
36239000,36239000
34937400,34937400
39447300,39447300
35712100,35712100
44629300,44629300
31503200,31503200
43444900,43444900
41389400,41389400
46037700,46037700
61969600,61969600
37129200,37129200
19122200,19122200
35052800,35052800
33089800,33089800
42240200,42240200
40246400,40246400
39903700,39903700
29491300,29491300
33553600,33553600
29534200,29534200
26750500,26750500
28041300,28041300
29132000,29132000
30496500,30496500
38301200,38301200
51838900,51838900
30432300,30432300
30060200,30060200
28164900,28164900
47571100,47571100
100360700,100360700
41787800,41787800
34935400,34935400
23642100,23642100
40166600,40166600
35082300,35082300
21739700,21739700
12515500,12515500
20324500,20324500
32515300,32515300
27910200,27910200
47231600,47231600
34809100,34809100
53147600,53147600
35972100,35972100
36984500,36984500
63631500,63631500
67503500,67503500
36555800,36555800
48844000,48844000
36378200,36378200
33637600,33637600
34407600,34407600
37808200,37808200
33344000,33344000
25878100,25878100
26616900,26616900
29207700,29207700
34309900,34309900
30692600,30692600
24613200,24613200
27077800,27077800
27034400,27034400
26465300,26465300
24930300,24930300
23619700,23619700
27470400,NA
26081000,26081000
25699700,25699700
30376900,30376900
25600800,25600800
31661300,31661300
33619400,33619400
51397600,51397600
45187500,45187500
34424700,34424700
33119500,33119500
60462600,60462600
37182200,37182200
43447800,43447800
40688000,40688000
38595800,38595800
40187600,40187600
86282100,86282100
80584600,80584600
54237700,54237700
44862700,44862700
52998300,52998300
47983700,47983700
36169000,36169000
41948200,41948200
39459800,39459800
33083000,33083000
56246600,56246600
48846500,48846500
49535100,49535100
49734700,49734700
43872200,43872200
47920800,47920800
55261300,55261300
36381100,36381100
49772700,49772700
52980100,52980100
38344600,38344600
29698200,29698200
66317400,66317400
47188900,47188900
36817700,36817700
46274000,46274000
49513800,49513800
80707000,80707000
99053800,99053800
42921800,42921800
55622300,NA
36500300,36500300
47194400,47194400
33237800,33237800
79226400,79226400
92415400,92415400
40612800,40612800
50359300,50359300
51737600,51737600
48797400,48797400
49860500,49860500
70960100,70960100
38090000,38090000
35017900,35017900
27267000,27267000
56379200,56379200
58961300,58961300
45733800,45733800
50855500,50855500
69433800,69433800
85743300,85743300
95636000,95636000
51711900,51711900
67047900,67047900
44893200,44893200
43226300,43226300
64926300,64926300
51427800,51427800
50637000,50637000
57942400,57942400
45847000,45847000
46291200,46291200
41701200,41701200
27273200,27273200
51036500,51036500
48354700,48354700
41607600,41607600
34149500,34149500
34959900,34959900
41601200,41601200
52804600,52804600
34005500,34005500
61993100,61993100
14193100,14193100
22488700,22488700
31704300,31704300
25906900,25906900
41139500,41139500
47623000,47623000
41054100,41054100
30142500,30142500
36352100,36352100
48672000,48672000
34290000,34290000
44621600,44621600
44944700,44944700
35724500,35724500
33990300,33990300
36763700,36763700
101020600,101020600
143760400,143760400
51127400,51127400
42432300,42432300
58396800,58396800
107632800,107632800
105398300,105398300
105703100,105703100
34151300,34151300
36534100,36534100
31867100,31867100
38345600,38345600
30076500,30076500
32361000,32361000
41015200,41015200
28150100,28150100
18897200,18897200
28391400,28391400
21267200,21267200
35262200,35262200
33809100,33809100
31061600,31061600
46119800,46119800
60754500,60754500
34534800,NA
41525600,41525600
67247100,67247100
46966600,46966600
34808000,34808000
45695700,45695700
47545800,47545800
38796400,38796400
37188900,37188900
42380000,42380000
44990500,44990500
42148200,42148200
28617300,28617300
24617400,24617400
28836500,28836500
52949600,52949600
35154400,35154400
42546000,42546000
29919000,29919000
32607200,32607200
30803200,30803200
32740700,32740700
39548500,39548500
45370900,45370900
33336700,33336700
33718100,33718100
28166700,28166700
36620800,36620800
28702500,28702500
36721600,36721600
34213000,34213000
61518700,61518700
67102900,67102900
59295600,59295600
34028000,34028000
38459200,38459200
64767000,64767000
79461200,79461200
76237300,76237300
49101000,49101000
52817000,NA
62494100,62494100
54282000,54282000
109178000,109178000
101377300,101377300
102141600,102141600
41468900,41468900
38373800,38373800
33486300,33486300
30085800,30085800
31009100,NA
38605600,38605600
24900600,24900600
31333900,31333900
22554800,22554800
28535200,28535200
36694400,36694400
33568900,33568900
29812900,29812900
36277400,36277400
31324400,31324400
37917900,37917900
49686400,49686400
38132900,38132900
30861700,30861700
31153700,31153700
31653900,31653900
26299900,26299900
47793200,47793200
76493500,76493500
68515500,68515500
53335200,53335200
40020000,40020000
35539400,35539400
29780800,29780800
27077800,27077800
24535200,24535200
27707000,27707000
24762700,24762700
42643200,42643200
36674300,36674300
28843900,28843900
63565700,63565700
67754000,67754000
49145200,49145200
34571300,34571300
33645000,33645000
25564500,25564500
80413900,80413900
29698200,29698200
28290100,28290100
18167200,18167200
17830400,17830400
68826600,68826600
34739800,34739800
50037500,50037500
41313800,41313800
34561900,NA
25650100,25650100
34496100,34496100
44084200,44084200
77863900,77863900
45866700,45866700
35890900,35890900
28521400,28521400
33432700,33432700
114558100,114558100
110474500,110474500
85543100,85543100
28855200,28855200
27679200,27679200
37832700,37832700
36242100,36242100
20869000,20869000
28843300,28843300
23350900,23350900
34792500,34792500
25145400,25145400
23520400,23520400
26099200,26099200
23202500,23202500
40451200,40451200
30079000,30079000
43412200,43412200
32084300,32084300
32403300,32403300
17380600,17380600
23088700,23088700
22267800,22267800
37638500,37638500
28090000,28090000
28303500,28303500
33896300,33896300
26427300,26427300
37941800,37941800
22552800,22552800
27606600,27606600
27770600,27770600
31705400,31705400
45815300,45815300
29517900,29517900
61134800,61134800
30088500,30088500
37540700,37540700
31975400,31975400
28261400,NA
47069000,47069000
22437100,22437100
24410100,24410100
19879900,19879900
32003300,32003300
28924100,28924100
32489600,32489600
25888800,25888800
23205400,23205400
34888500,34888500
22550000,22550000
21321300,21321300
36111200,36111200
40435400,40435400
39189400,39189400
24550600,24550600
27176700,27176700
42957700,42957700
47723400,47723400
28694900,28694900
29579100,29579100
35297600,35297600
29010800,29010800
31651100,31651100
47590200,47590200
59634700,59634700
65581600,65581600
29961700,29961700
24091800,24091800
30901400,30901400
28302100,28302100
26639800,26639800
22849900,22849900
25525700,25525700
25631100,25631100
31502900,31502900
19236500,19236500
37813500,37813500
22990300,22990300
20198900,20198900
22866500,22866500
24712500,24712500
24870200,24870200
20288600,20288600
44050600,44050600
77908100,77908100
43389300,43389300
30600800,30600800
28419200,28419200
13802900,13802900
25685300,25685300
35066400,35066400
43501500,43501500
45399100,45399100
53871400,53871400
29614700,29614700
18203700,18203700
24682400,24682400
21917800,21917800
20631200,20631200
25061100,25061100
28158500,28158500
42680500,42680500
31880600,31880600
55380100,55380100
28120800,28120800
12157900,12157900
16957000,16957000
12970600,12970600
19787200,19787200
22808100,22808100
31833300,31833300
27796700,27796700
28682300,28682300
19665100,19665100
29680500,29680500
20878000,20878000
30588800,30588800
40274500,40274500
74142900,74142900
58277700,58277700
48960800,48960800
111758900,111758900
42286400,42286400
48749900,48749900
40241000,40241000
34838700,34838700
32564900,32564900
32453800,32453800
27145700,27145700
24610100,24610100
28623300,28623300
52868200,52868200
50816300,50816300
32476200,32476200
28008400,28008400
30808400,30808400
24571300,24571300
17911700,17911700
25874100,25874100
22922000,22922000
20539700,20539700
17738100,17738100
25686000,25686000
20193800,20193800
30579800,30579800
24145500,24145500
21539100,21539100
19820200,19820200
20863900,20863900
23482700,NA
25728500,25728500
23661200,23661200
21036200,21036200
22371700,22371700
25373400,25373400
24908100,24908100
26656800,26656800
21244800,21244800
26243300,26243300
21807200,21807200
18525800,18525800
26344000,26344000
34229400,34229400
37009100,37009100
56861900,56861900
36950600,36950600
32317400,32317400
26442800,26442800
27201100,27201100
22884500,22884500
29336300,29336300
23778700,23778700
22464700,22464700
38581300,38581300
47918000,47918000
49813500,49813500
56699500,56699500
34481800,34481800
40478200,40478200
36121100,36121100
26957900,26957900
45074400,45074400
59033600,59033600
38108500,38108500
20398600,20398600
29601600,29601600
25574300,25574300
25432800,25432800
33614400,33614400
33472800,33472800
22146000,22146000
25863900,25863900
19755200,19755200
24235200,24235200
20738900,20738900
21818000,21818000
24692800,24692800
24166900,24166900
20324400,20324400
20607800,20607800
20525000,20525000
17811900,17811900
31752700,31752700
30017200,30017200
22679600,22679600
22292600,22292600
18721300,18721300
15926500,15926500
17172200,17172200
27271900,27271900
27150100,27150100
20638900,20638900
43641000,43641000
20264900,20264900
33256300,33256300
21612500,21612500
26546200,26546200
34795600,34795600
39933000,39933000
34256900,34256900
27747700,27747700
31211400,31211400
122194300,122194300
36407800,36407800
28440600,28440600
34412300,34412300
27166600,27166600
39826400,39826400
26528900,26528900
53397600,53397600
44293300,44293300
26722300,26722300
30776300,30776300
21558400,21558400
28240000,28240000
16831200,16831200
20437600,20437600
22233400,22233400
37608700,37608700
28302400,28302400
32455100,32455100
20045000,20045000
24244600,24244600
61006100,61006100
135834600,135834600
70591100,70591100
46528800,46528800
32097200,32097200
42915100,42915100
26077000,26077000
33180400,33180400
31614000,31614000
30972200,30972200
26141700,26141700
32782800,32782800
35431200,35431200
33472400,33472400
27250100,27250100
49845100,49845100
27923900,27923900
27820100,27820100
35484000,NA
27718600,27718600
24805600,24805600
36291000,36291000
25458000,NA
28577600,28577600
27232200,27232200
29281900,29281900
27140300,27140300
37164900,37164900
21196700,21196700
18614500,18614500
19664700,19664700
17168900,17168900
18908900,18908900
32302800,32302800
32094800,32094800
26668800,26668800
27632400,27632400
20841900,20841900
24859600,24859600
22333100,22333100
19964200,19964200
21949000,21949000
26732600,26732600
22438000,22438000
20875700,20875700
26278900,26278900
23809600,23809600
46851900,46851900
25447700,25447700
25690700,25690700
18829000,18829000
34639700,34639700
25882300,25882300
29003100,29003100
35274600,35274600
35086600,35086600
32910800,32910800
25834600,25834600
24321100,24321100
25972100,25972100
34960600,34960600
28185700,28185700
80917600,80917600
42110200,42110200
68671000,68671000
92305200,92305200
47787400,47787400
37504500,37504500
30523700,30523700
33278400,33278400
26725600,26725600
22254900,22254900
27814300,27814300
23751900,23751900
21857800,21857800
24615200,24615200
55217900,55217900
52089700,52089700
28703600,28703600
34695900,34695900
34705500,34705500
25240600,25240600
27604500,27604500
30653600,NA
19676600,19676600
22864200,22864200
26449300,26449300
18104600,18104600
17646300,17646300
30674800,30674800
21289600,21289600
61994700,61994700
56721600,56721600
33321100,33321100
29093200,29093200
24060000,24060000
19128500,19128500
30904000,30904000
28361100,28361100
30660800,30660800
23359100,23359100
20527600,20527600
28134800,28134800
28487300,28487300
27499900,27499900
25088200,25088200
29322500,29322500
30633400,30633400
31166300,31166300
31637700,31637700
32128100,32128100
76786800,76786800
29227100,29227100
22169700,22169700
12109100,12109100
14037200,14037200
12203300,12203300
15214100,15214100
20393600,20393600
23605600,23605600
32785000,32785000
30847600,30847600
27725200,27725200
31765400,31765400
22850500,22850500
29400800,29400800
31478000,31478000
34250300,34250300
47181800,47181800
62812200,62812200
35929400,35929400
27442600,27442600
31809900,NA
27427100,27427100
30906800,30906800
58456200,58456200
34929100,34929100
29569400,29569400
38719700,38719700
38733800,38733800
36038300,36038300
25052800,25052800
20491400,20491400
29342400,29342400
28705500,28705500
20200000,20200000
18364200,18364200
20056700,20056700
18037900,18037900
19374100,19374100
19992900,19992900
11017500,11017500
20955600,20955600
25565500,25565500
29607500,29607500
24686300,24686300
25928400,25928400
24427300,24427300
25406400,25406400
27332000,27332000
23005800,23005800
21225800,21225800
32373100,32373100
33058800,33058800
50278900,50278900
49683600,NA
107402400,107402400
47954700,47954700
33074600,33074600
29215600,29215600
39834100,39834100
27414200,27414200
64777100,64777100
29694000,29694000
28471400,28471400
37691000,37691000
45450100,45450100
73857200,73857200
51391500,51391500
32098500,32098500
31532100,31532100
20909600,20909600
21490900,21490900
23258300,23258300
18250300,18250300
34167600,34167600
28084900,28084900
23489000,23489000
39754000,39754000
61083500,61083500
28903200,28903200
30593600,30593600
20649300,20649300
19023800,19023800
21144200,21144200
23775300,23775300
22759900,22759900
25869600,25869600
29572800,29572800
21819000,21819000
22013300,22013300
27091200,27091200
21397300,21397300
29779200,29779200
31985400,31985400
21475300,21475300
26926500,26926500
18358600,18358600
24530200,24530200
20470800,20470800
21098900,21098900
17149700,17149700
23689500,23689500
21867100,21867100
21359800,21359800
21269800,21269800
20845000,20845000
28594500,28594500
30172700,30172700
27065700,27065700
43545500,43545500
46734500,46734500
36351100,36351100
38138700,38138700
33761800,33761800
27778500,27778500
38171600,38171600
33976700,33976700
33336800,33336800
24293600,24293600
31629800,31629800
23175000,23175000
20254500,20254500
28194200,28194200
27722400,27722400
39008400,39008400
23608400,23608400
17995900,17995900
23313900,23313900
22743300,22743300
62157200,62157200
35194500,35194500
34412200,34412200
27178900,27178900
27105200,27105200
32468100,32468100
43833700,43833700
45223800,45223800
47167800,47167800
31423800,31423800
26452400,26452400
39778300,39778300
47852500,47852500
81166700,81166700
43697600,43697600
33812900,NA
45191000,45191000
36387200,36387200
33775200,33775200
31621000,31621000
42161100,42161100
33182400,33182400
26470200,26470200
26582400,26582400
27158800,27158800
26213600,26213600
25741700,25741700
23622700,23622700
27958200,27958200
25606100,25606100
22807400,22807400
23758900,23758900
33589100,33589100
18821900,18821900
14302700,14302700
15548300,15548300
19182600,NA
30530100,30530100
31936600,31936600
52288400,52288400
83234200,83234200
59371900,59371900
47386700,47386700
38649400,38649400
43452400,43452400
42401800,42401800
44144000,44144000
34618800,34618800
38665900,38665900
29116500,29116500
27805000,27805000
30774100,30774100
25195800,25195800
21786900,21786900
24065100,24065100
29819000,29819000
25957800,25957800
29805200,29805200
60693400,60693400
24417100,24417100
28576200,28576200
25984000,25984000
32754700,32754700
29192300,29192300
42291000,42291000
34169600,34169600
41051700,41051700
29832800,29832800
27901500,27901500
34842500,34842500
34899800,34899800
36930100,36930100
27794600,27794600
24209900,24209900
18795000,18795000
35588600,35588600
75954800,75954800
37634800,37634800
29371300,29371300
37624000,37624000
24416100,24416100
31928800,31928800
39572600,39572600
42796600,42796600
22646900,22646900
22630100,22630100
21908400,21908400
21325200,21325200
24693900,24693900
21743100,21743100
18167000,18167000
20762100,20762100
16486100,16486100
23701700,23701700
24168700,24168700
22451700,22451700
19864700,19864700
23265400,23265400
23673200,23673200
29899700,29899700
22636400,22636400
18619800,18619800
45381600,45381600
41137700,41137700
20152900,20152900
21413500,21413500
17939400,17939400
6620900,6620900
21785800,NA
23560200,23560200
18688200,18688200
30131100,30131100
24901000,24901000
17731900,17731900
13380200,13380200
22548300,22548300
17400700,17400700
21251400,21251400
19357100,19357100
24365900,24365900
23257900,23257900
24963600,24963600
41336600,41336600
18006800,NA
18422000,18422000
12526500,12526500
5893800,5893800
9449400,9449400
14188600,14188600
11566800,11566800
14736700,14736700
27882200,27882200
16709500,16709500
25491300,25491300
37680500,37680500
29953800,29953800
27732400,27732400
28587700,28587700
34445700,34445700
48728200,48728200
76373900,76373900
28878100,28878100
39598200,39598200
30157400,30157400
25326500,25326500
26441000,26441000
24754900,24754900
26384100,26384100
22028100,22028100
38311400,38311400
19015100,19015100
24994300,24994300
44660100,44660100
29257800,29257800
27957500,27957500
28725900,28725900
22902600,22902600
27267800,27267800
28450200,28450200
19699000,19699000
30705200,30705200
27691700,27691700
20623300,20623300
42056700,42056700
23893100,23893100
26638200,26638200
21593600,21593600
17571400,17571400
19902200,19902200
22903100,22903100
25502600,NA
23779800,23779800
25625200,25625200
20356800,20356800
18858200,18858200
19104900,19104900
14707800,14707800
29584800,29584800
22811200,22811200
17438600,17438600
16927700,16927700
26298400,26298400
22865300,22865300
49934200,49934200
21760900,21760900
22200400,22200400
18765300,18765300
14211900,14211900
11433000,11433000
15313200,15313200
16598000,16598000
17880000,17880000
18049700,NA
21581600,21581600
20080000,20080000
15740600,15740600
23738200,23738200
17031900,17031900
19707700,19707700
16774200,16774200
19968100,19968100
21620900,21620900
28782800,28782800
21566600,21566600
33619300,33619300
57629800,57629800
28431400,28431400
29625600,29625600
19315700,19315700
20976400,20976400
20006200,20006200
25146400,25146400
36443700,36443700
21086600,21086600
27111100,27111100
23278800,23278800
23393300,23393300
19632200,19632200
16888300,16888300
17013800,17013800
15754200,15754200
20826700,20826700
19999600,19999600
21826100,21826100
25709900,25709900
22469900,22469900
21740900,21740900
22777300,22777300
20881900,20881900
23699200,23699200
18359600,18359600
12692300,12692300
13341300,13341300
23040200,23040200
17753500,17753500
14140100,14140100
15777500,15777500
15139600,15139600
19339100,19339100
12732100,12732100
11276800,11276800
35749100,35749100
23004800,23004800
18754300,18754300
23783300,23783300
18547900,18547900
27047900,27047900
21961600,21961600
15476500,15476500
18304800,18304800
22048800,22048800
38094300,38094300
34965100,34965100
23693900,23693900
22771100,22771100
34528900,34528900
17084600,17084600
20107200,20107200
21070200,21070200
26119400,26119400
23341900,23341900
23820700,23820700
28064100,28064100
29120900,29120900
25296400,25296400
23661900,23661900
19347200,19347200
20395400,20395400
42994200,42994200
63708600,63708600
33033700,33033700
20277700,20277700
29644400,29644400
23601800,23601800
21667400,21667400
18171200,18171200
18824400,18824400
20057300,20057300
18388800,18388800
16362600,16362600
20046200,20046200
19497300,19497300
12578900,12578900
19579000,19579000
16364100,16364100
15708300,15708300
18931100,18931100
16320900,16320900
18221600,18221600
16085200,16085200
16417600,16417600
14941400,14941400
18316000,18316000
16343500,16343500
12428000,12428000
14469900,14469900
15264300,15264300
15183200,15183200
20562700,20562700
18925800,18925800
16726700,16726700
22337800,22337800
18495600,18495600
20356500,20356500
29457900,29457900
22796600,22796600
23591300,23591300
14074500,14074500
23736000,23736000
74577900,74577900
30531700,30531700
24796900,24796900
21233700,21233700
17013400,17013400
18062500,18062500
25518800,25518800
22391600,22391600
19020800,19020800
17675000,17675000
24279300,24279300
14113600,14113600
14393100,14393100
22420800,22420800
15171400,15171400
16942500,16942500
14954300,14954300
27650500,27650500
14053900,14053900
16936000,16936000
19123900,19123900
15788100,15788100
42907800,42907800
75229000,75229000
25669500,25669500
20813200,20813200
21524700,21524700
17860300,17860300
19977600,19977600
14634700,14634700
22296400,22296400
19188600,19188600
25368200,25368200
21416400,21416400
19400000,19400000
21914700,21914700
19296600,19296600
14833100,14833100
25999400,25999400
28249900,28249900
22665000,22665000
22558900,22558900
20676100,20676100
18565500,18565500
15748500,15748500
16806900,16806900
14259500,14259500
22327400,22327400
15843100,NA
6372800,6372800
13549000,13549000
19581000,19581000
27016100,27016100
29618700,29618700
21492500,21492500
14462000,14462000
15297700,15297700
21710300,21710300
19966500,19966500
16326900,16326900
21985800,21985800
35773600,35773600
30819400,30819400
23721500,23721500
38212800,38212800
18744300,18744300
18551800,18551800
14323600,14323600
10793900,10793900
6287300,6287300
9033700,9033700
12868600,12868600
8447300,8447300
17468000,17468000
20196500,20196500
15915700,15915700
13986000,13986000
15114000,15114000
19461400,19461400
15918800,15918800
22398400,22398400
20391900,20391900
15072200,15072200
20195200,20195200
15382500,15382500
13654500,13654500
23950900,23950900
27752600,27752600
35140900,35140900
32276400,32276400
34144800,NA
44368600,44368600
23954700,23954700
27059100,27059100
28380600,28380600
31916900,31916900
21038100,21038100
21427000,21427000
18581900,18581900
20807400,20807400
47802700,47802700
44106500,44106500
28180600,28180600
25734800,25734800
18452200,18452200
21317500,21317500
18909900,18909900
20556000,20556000
29904400,29904400
22775000,22775000
18617600,18617600
14065200,14065200
24977000,24977000
34085900,34085900
23602100,23602100
17538100,17538100
24416700,24416700
23434900,23434900
20920100,20920100
23616800,23616800
25402300,25402300
53582900,53582900
28586900,28586900
27996100,27996100
19616100,19616100
30778900,30778900
17322300,17322300
22814500,22814500
19144500,19144500
20640400,20640400
22188000,22188000
16992200,NA
18398100,18398100
17202600,17202600
16433000,16433000
21438400,21438400
32013600,32013600
18918000,18918000
22455500,22455500
20198200,20198200
15689500,15689500
19973700,19973700
22711800,22711800
19289800,19289800
15764000,15764000
12560700,12560700
12321100,12321100
16594600,16594600
22968300,22968300
20390500,20390500
26305800,26305800
22066800,NA
27241000,27241000
39890000,39890000
56769300,56769300
24825600,24825600
35813000,35813000
22040300,22040300
16437100,16437100
18119200,18119200
17660200,17660200
17819100,17819100
25133800,25133800
21508900,21508900
19730800,19730800
22120100,22120100
22291800,22291800
26670200,26670200
17171900,17171900
18340100,18340100
14638100,14638100
16903700,16903700
20640600,20640600
13148500,13148500
11145500,11145500
13026900,13026900
17741900,17741900
17510900,17510900
19127400,19127400
11685700,11685700
18420900,18420900
17192000,17192000
17154200,17154200
33322100,33322100
28488300,28488300
20588200,20588200
19149000,19149000
20410000,20410000
30762800,30762800
21583800,21583800
21536500,21536500
27138500,27138500
24602900,NA
29260900,29260900
18854800,18854800
27078900,27078900
25940100,25940100
25215700,25215700
24432000,24432000
12676900,12676900
30010800,30010800
20733200,20733200
18304500,18304500
29918400,29918400
25737500,25737500
23768300,23768300
15046200,15046200
16316400,16316400
21044400,21044400
14362800,14362800
17036200,17036200
17506200,17506200
22245000,22245000
16146300,16146300
18096700,18096700
15499300,15499300
43062800,43062800
36291500,36291500
27057000,27057000
38710200,38710200
35004300,35004300
26611300,26611300
20520300,20520300
18169300,18169300
22819900,22819900
22796800,22796800
22693300,NA
19275100,19275100
18469400,18469400
21706600,21706600
22014000,22014000
19525000,19525000
16231400,16231400
26493300,26493300
26097800,26097800
19648100,19648100
14301900,14301900
14726800,14726800
20712900,20712900
15843700,15843700
18565000,18565000
16366800,16366800
12822000,NA
18772000,18772000
28076400,28076400
16297100,16297100
14125000,14125000
20037600,20037600
19489900,19489900
15509800,15509800
18093900,18093900
33596100,33596100
19393800,19393800
23850500,23850500
23957500,23957500
22954200,22954200
21631800,NA
23180800,23180800
29790400,29790400
25981400,25981400
21171400,21171400
23217300,23217300
37394500,37394500
34002200,34002200
28368800,28368800
17710300,17710300
18887500,18887500
18494100,18494100
29890000,29890000
30754700,30754700
18286900,18286900
16829400,16829400
12489100,12489100
15532800,15532800
21424600,21424600
19222700,19222700
18335700,18335700
28647000,28647000
19652400,19652400
24031700,24031700
38247400,38247400
90028300,90028300
48161500,48161500
47000900,47000900
47813700,47813700
44602300,44602300
39298100,39298100
34035000,34035000
24461400,24461400
21565800,21565800
25570400,25570400
24095400,24095400
18999000,18999000
22201200,22201200
17157200,17157200
26439400,26439400
63798000,63798000
22420000,22420000
21871000,21871000
19538300,19538300
6465800,6465800
18202100,18202100
20194100,20194100
27036900,27036900
34145300,34145300
26656300,26656300
28000800,28000800
30626900,30626900
27710800,27710800
32708400,32708400
23154700,23154700
20425900,20425900
16557400,16557400
21399500,21399500
19644900,19644900
47477000,47477000
50369300,50369300
41421100,41421100
40935000,40935000
42963500,42963500
33913500,33913500
15533300,15533300
13359700,NA
9504400,9504400
17394500,17394500
23370800,23370800
116479000,116479000
89209100,89209100
41824000,41824000
33733800,33733800
44282300,44282300
45735000,45735000
35371500,35371500
29973600,29973600
38367200,38367200
32368600,32368600
26826500,26826500
25780200,25780200
27706800,NA
22135100,22135100
32464200,32464200
36758700,36758700
86916100,86916100
46304000,46304000
32814600,32814600
41619900,41619900
28840400,28840400
28663000,28663000
47869000,47869000
58145400,58145400
37508400,37508400
43151300,43151300
49301100,49301100
28379500,28379500
19517600,19517600
19922000,19922000
23536800,23536800
21475200,21475200
25512000,25512000
27527500,27527500
16946400,NA
26040900,26040900
26992300,26992300
43624100,43624100
35541200,35541200
36326600,36326600
33310600,33310600
30826500,30826500
39132300,39132300
31801900,31801900
29481200,29481200
32727900,32727900
32044400,32044400
45573900,45573900
24993500,24993500
25631200,25631200
42559800,42559800
31115200,31115200
22215000,NA
23239500,23239500
30916000,30916000
37683900,37683900
39306200,39306200
38777000,38777000
37970900,37970900
45265800,45265800
67187800,67187800
39432400,39432400
30370000,30370000
25115400,25115400
28215200,28215200
31437000,31437000
25906400,25906400
17568400,17568400
29781400,29781400
20884900,20884900
18855500,18855500
21228700,21228700
22164700,22164700
25422400,25422400
26910100,26910100
21706700,21706700
42494700,42494700
25752800,25752800
39575000,39575000
69888100,69888100
36417400,36417400
27600800,27600800
25778300,25778300
28561000,28561000
25642500,25642500
20285700,20285700
21026800,21026800
19827500,19827500
18715900,18715900
15405000,15405000
21878200,21878200
21712600,21712600
16260500,16260500
16872600,16872600
23679900,23679900
25367400,25367400
19009600,19009600
20555400,20555400
19667100,19667100
18550000,18550000
24253500,24253500
24711500,24711500
30962100,30962100
31183200,31183200
22538100,22538100
21687000,21687000
22955400,22955400
27596100,27596100
30822900,30822900
25752400,25752400
23294900,23294900
22631400,22631400
23419800,23419800
39194700,39194700
40764400,40764400
31780900,31780900
21403000,21403000
44435600,44435600
34682100,34682100
45356500,45356500
37543000,37543000
33338800,33338800
29055700,29055700
28906500,28906500
23755500,23755500
16327900,16327900
26163500,26163500
19968000,19968000
21361600,21361600
17362900,17362900
18665600,18665600
20292700,20292700
13749300,13749300
15951500,15951500
15754500,15754500
14649000,14649000
15954600,15954600
17380500,17380500
15945500,15945500
17788700,NA
19854800,19854800
28282500,28282500
67816700,67816700
35696600,35696600
36581200,36581200
28060700,28060700
26452500,26452500
22008200,22008200
26669000,26669000
28322700,28322700
21990600,21990600
23795600,23795600
28712400,28712400
17070600,17070600
23061600,23061600
26739900,26739900
24358000,24358000
26382000,26382000
24334000,24334000
19254300,19254300
23182500,23182500
31343200,31343200
18214700,18214700
17170300,17170300
13472400,13472400
13479100,13479100
16418800,16418800
16484000,16484000
15682900,15682900
20857200,20857200
19318100,19318100
25958300,25958300
21522400,21522400
32455300,32455300
29778700,29778700
18657100,18657100
22998700,22998700
17603200,17603200
20528100,20528100
15918900,15918900
21999300,21999300
52650600,52650600
17847000,17847000
23389900,23389900
23957700,NA
15415500,15415500
46223500,46223500
23796200,23796200
42121100,42121100
39211900,39211900
30108300,30108300
28901400,28901400
19376800,19376800
23285700,23285700
43109500,43109500
43648800,43648800
32087400,NA
21633000,21633000
21472000,21472000
23124400,23124400
26638800,NA
28368500,28368500
34508800,34508800
38590300,38590300
33631800,33631800
48255300,48255300
67280400,67280400
35732200,35732200
43975200,43975200
33369100,33369100
28335300,28335300
30759800,30759800
23751200,23751200
23839600,23839600
29913200,29913200
26581700,26581700
21761400,21761400
24412800,24412800
29315900,29315900
25632700,25632700
29581000,29581000
31670600,31670600
26859000,26859000
29200800,29200800
19011400,19011400
8906900,8906900
20723000,20723000
27621000,27621000
28003200,28003200
23592500,23592500
43313700,43313700
30870400,30870400
35397700,35397700
31661700,31661700
34016400,34016400
23289000,23289000
23851000,23851000
31305000,31305000
19526000,19526000
26372100,26372100
26598700,26598700
29014300,29014300
39717600,39717600
37750900,37750900
52768300,52768300
19241600,19241600
28677600,28677600
29970700,29970700
24758700,24758700
20490400,20490400
18774600,18774600
32267300,32267300
35447300,35447300
22736800,22736800
22749200,22749200
22554500,22554500
27202600,27202600
21751300,21751300
19193900,19193900
22480800,22480800
19057700,19057700
17448700,17448700
29874600,29874600
25940700,25940700
18960700,18960700
50578300,50578300
86455700,86455700
35928700,35928700
20988300,20988300
26931700,26931700
43051300,43051300
37442900,NA
20905000,20905000
31641600,31641600
21647800,21647800
27825900,27825900
18851200,18851200
18004100,18004100
18050100,18050100
17712800,17712800
17545400,17545400
22520400,22520400
15611800,15611800
21607700,21607700
16162100,16162100
31934100,31934100
20711800,20711800
16082200,16082200
17590300,17590300
18388800,18388800
18359300,18359300
21706100,21706100
21057700,21057700
14740500,14740500
17803000,17803000
16793900,16793900
18963000,18963000
20782100,20782100
25522300,25522300
26647100,26647100
46512500,46512500
16274000,16274000
18274800,18274800
24325300,24325300
19127200,19127200
21438400,21438400
16971400,16971400
17724300,17724300
19656000,19656000
13607900,13607900
18736100,18736100
17830400,17830400
13704500,13704500
24552800,24552800
16520500,16520500
19268400,19268400
11758800,11758800
13339700,13339700
13084000,13084000
10845800,10845800
12910200,12910200
11676900,NA
30301900,30301900
38788400,38788400
20464200,20464200
12327500,12327500
17739900,17739900
17723700,NA
27949900,27949900
72364500,72364500
42142300,42142300
27130900,27130900
20467600,20467600
22655400,22655400
25656600,25656600
26245200,26245200
29713400,29713400
36812400,36812400
59642200,59642200
42522800,42522800
39091900,39091900
24706500,24706500
23407900,23407900
19954700,19954700
22500400,22500400
28675000,28675000
25543400,25543400
16932500,16932500
35783900,35783900
27168100,27168100
34779900,34779900
28450300,28450300
21618900,21618900
25532500,25532500
31155700,31155700
28094900,28094900
20802000,20802000
19076200,19076200
24370300,24370300
20806100,20806100
18415500,18415500
15900600,15900600
12267600,12267600
15381100,15381100
12643300,12643300
25732300,25732300
17436400,17436400
20126800,20126800
31096300,31096300
14479900,14479900
16665600,16665600
21886300,21886300
23062900,23062900
26646200,26646200
27423300,27423300
15381600,15381600
10739100,10739100
14339200,14339200
16564300,16564300
17853200,17853200
16032300,16032300
16615100,16615100
20148700,NA
14345100,14345100
17131400,17131400
11928600,11928600
15671600,15671600
29141100,29141100
21688000,21688000
18413500,18413500
20896400,20896400
27765400,27765400
36401500,36401500
21897500,21897500
16487700,16487700
24169800,24169800
34020800,34020800
27881600,27881600
38936600,38936600
26119600,26119600
29440400,29440400
30643700,30643700
24975500,24975500
18494300,18494300
28959500,28959500
25650200,25650200
21896000,21896000
22701800,22701800
21403600,21403600
23113300,NA
15915000,15915000
19783000,19783000
32814000,32814000
22080500,22080500
16925500,16925500
14888800,14888800
17803800,17803800
16922600,16922600
15003800,15003800
23450700,23450700
30014200,30014200
17067900,17067900
20749700,20749700
18532000,18532000
18968900,18968900
23308700,23308700
18010800,18010800
13354600,13354600
19641100,19641100
14906800,14906800
11428400,11428400
37067900,37067900
18916600,18916600
28197400,28197400
19486700,19486700
11351800,11351800
14845700,14845700
13652100,13652100
18413100,18413100
20078700,20078700
16320100,16320100
12644900,12644900
12081400,12081400
17409100,17409100
11834900,11834900
13907900,13907900
24072500,24072500
15016800,15016800
18878100,18878100
14769300,14769300
16533900,16533900
16974100,16974100
12189000,12189000
13114300,13114300
15887500,15887500
23413000,23413000
59767700,59767700
32307500,32307500
18155800,18155800
15248000,15248000
19249700,19249700
17953500,17953500
19068000,19068000
20865400,NA
17721000,17721000
16962800,16962800
11888900,11888900
11228900,11228900
11952500,11952500
15332700,15332700
12119000,12119000
16112100,16112100
16097500,16097500
17061900,17061900
18542300,18542300
16139000,NA
15690200,15690200
15011700,15011700
22338700,22338700
18184200,18184200
9481100,9481100
19154500,19154500
25737400,25737400
18881400,18881400
17673700,17673700
16476800,16476800
14298600,14298600
16157900,16157900
20051100,20051100
27883300,27883300
22795200,22795200
19131200,19131200
21653100,21653100
28261000,28261000
18865100,18865100
49953000,NA
23593000,23593000
6313200,6313200
11480300,11480300
14085800,14085800
12750500,12750500
14432900,14432900
18056000,18056000
15293900,15293900
17755200,17755200
21876100,21876100
23133500,23133500
18813300,18813300
15200600,15200600
16453300,16453300
17051200,17051200
18498800,18498800
21365500,21365500
21803400,21803400
28358500,28358500
29475100,29475100
42778700,42778700
84711000,84711000
30764000,30764000
30915400,30915400
18055800,18055800
18522400,18522400
25268400,25268400
16654600,16654600
20970800,20970800
23401400,23401400
17408000,17408000
18134600,18134600
22299300,22299300
17975600,17975600
15586600,15586600
11602700,11602700
13405500,13405500
12758400,12758400
13551200,13551200
26452600,26452600
20775900,20775900
26903100,26903100
34495700,NA
26190100,26190100
42226900,42226900
60728000,60728000
43140300,43140300
49740300,NA
29223100,29223100
29099200,29099200
36259200,36259200
56197000,56197000
36569000,36569000
38563500,38563500
50661700,50661700
48805100,48805100
53878900,53878900
52085200,52085200
49309900,49309900
44538000,44538000
52344000,52344000
46698500,46698500
50019800,50019800
41106100,41106100
41459800,41459800
31633500,31633500
31628600,31628600
48074700,48074700
29586600,29586600
27810000,27810000
23906100,23906100
32323400,32323400
41410000,41410000
26719500,26719500
40515400,40515400
23251900,23251900
25674000,25674000
22841600,22841600
24433500,24433500
27385600,27385600
26420300,26420300
25248000,25248000
23443700,23443700
35092000,35092000
50220500,50220500
25902200,25902200
28784700,28784700
30451500,30451500
26279900,26279900
21194800,21194800
18957200,18957200
17252100,17252100
17848700,17848700
14733500,14733500
20391100,20391100
18684400,18684400
16754900,16754900
21065000,21065000
21569400,21569400
21373300,21373300
20443700,20443700
21865000,21865000
30584000,30584000
20987700,20987700
14103000,14103000
20933600,NA
19886300,19886300
17253500,17253500
33395700,33395700
14317700,14317700
20702400,20702400
16737300,16737300
22010100,22010100
26813100,26813100
21546200,21546200
23594100,23594100
21367800,21367800
26998200,26998200
30419800,30419800
29651700,29651700
23226600,23226600
20454800,20454800
24899700,24899700
60336100,60336100
22846000,22846000
22809600,22809600
27764500,27764500
21906900,21906900
38477500,38477500
22150300,22150300
31542100,31542100
14748100,14748100
15578600,15578600
20536700,20536700
15996500,15996500
13277900,13277900
20683700,20683700
17742300,17742300
19082900,19082900
24190900,24190900
19986300,19986300
12425900,12425900
16322800,16322800
16868700,16868700
19830300,19830300
18959900,18959900
43518600,43518600
182269900,182269900
107526500,107526500
62362600,62362600
60500800,60500800
39735200,39735200
46569900,46569900
31767100,31767100
29045800,29045800
29471100,29471100
23795500,23795500
36765200,36765200
37442600,37442600
35348100,35348100
30687200,30687200
24774500,24774500
22321200,22321200
20018300,20018300
19251400,19251400
27775000,27775000
55081300,55081300
34621500,34621500
36295300,36295300
38384300,38384300
28616600,28616600
24420600,24420600
35384700,35384700
46114100,46114100
30522700,30522700
53000700,53000700
47394300,47394300
43318400,43318400
39752700,39752700
33437300,33437300
32649100,32649100
29333600,29333600
27212500,27212500
27598300,27598300
26531400,26531400
26959900,26959900
50123500,50123500
27377100,27377100
22290900,22290900
30078800,30078800
29343400,29343400
26633400,26633400
29652200,29652200
19558200,19558200
27711300,27711300
22127600,22127600
25811800,25811800
20883200,20883200
25642800,25642800
21978700,21978700
22369500,22369500
24343900,24343900
27303500,27303500
20005800,20005800
21885100,NA
18272900,18272900
23414400,23414400
43537200,43537200
27224900,27224900
21866000,21866000
41522700,41522700
97322500,97322500
54161300,54161300
50130500,50130500
45066000,45066000
36796800,36796800
46781300,46781300
33856700,33856700
34349500,34349500
34748200,34748200
31103200,31103200
36233700,36233700
48481700,48481700
39224500,39224500
31496900,31496900
42881300,42881300
30884700,30884700
36306300,36306300
31118000,31118000
32817900,32817900
29469100,29469100
24199300,24199300
35489600,35489600
33901200,33901200
28126900,NA
15921400,15921400
46332700,46332700
