"Date","Close"
"2010-03-01",20.870001
"2010-03-02",20.700001
"2010-03-03",20.52
"2010-03-04",20.530001
"2010-03-05",20.790001
"2010-03-08",20.77
"2010-03-09",20.940001
"2010-03-10",21.190001
"2010-03-11",21.25
"2010-03-12",21.27
"2010-03-15",21.17
"2010-03-16",22.01
"2010-03-17",22.24
"2010-03-18",22.200001
"2010-03-19",21.99
"2010-03-22",22.24
"2010-03-23",22.67
"2010-03-24",22.43
"2010-03-25",22.35
"2010-03-26",22.24
"2010-03-29",22.33
"2010-03-30",22.34
"2010-03-31",22.290001
"2010-04-01",22.389999
"2010-04-05",22.59
"2010-04-06",22.4
"2010-04-07",22.450001
"2010-04-08",22.309999
"2010-04-09",22.549999
"2010-04-12",22.540001
"2010-04-13",22.77
"2010-04-14",23.52
"2010-04-15",24.219999
"2010-04-16",23.92
"2010-04-19",24
"2010-04-20",24.120001
"2010-04-21",23.799999
"2010-04-22",23.99
"2010-04-23",24.040001
"2010-04-26",23.82
"2010-04-27",23.35
"2010-04-28",23.26
"2010-04-29",23.49
"2010-04-30",22.84
"2010-05-03",23.26
"2010-05-04",22.559999
"2010-05-05",22.17
"2010-05-06",21.51
"2010-05-07",21.309999
"2010-05-10",22.549999
"2010-05-11",22.280001
"2010-05-12",23.09
"2010-05-13",22.5
"2010-05-14",21.889999
"2010-05-17",22.02
"2010-05-18",21.43
"2010-05-19",21.6
"2010-05-20",20.790001
"2010-05-21",20.91
"2010-05-24",20.67
"2010-05-25",20.85
"2010-05-26",20.700001
"2010-05-27",21.76
"2010-05-28",21.42
"2010-06-01",21.18
"2010-06-02",21.809999
"2010-06-03",21.9
"2010-06-04",20.950001
"2010-06-07",20.309999
"2010-06-08",20.18
"2010-06-09",19.93
"2010-06-10",20.549999
"2010-06-11",20.639999
"2010-06-14",20.889999
"2010-06-15",21.48
"2010-06-16",21.49
"2010-06-17",21.52
"2010-06-18",21.4
"2010-06-21",21.190001
"2010-06-22",20.98
"2010-06-23",20.809999
"2010-06-24",20.32
"2010-06-25",20.030001
"2010-06-28",20.360001
"2010-06-29",19.790001
"2010-06-30",19.450001
"2010-07-01",19.25
"2010-07-02",19.200001
"2010-07-06",19.48
"2010-07-07",20.139999
"2010-07-08",20.1
"2010-07-09",20.24
"2010-07-12",20.57
"2010-07-13",21.01
"2010-07-14",21.360001
"2010-07-15",21.51
"2010-07-16",21.02
"2010-07-19",21.59
"2010-07-20",21.65
"2010-07-21",21.26
"2010-07-22",21.780001
"2010-07-23",21.690001
"2010-07-26",21.709999
"2010-07-27",21.58
"2010-07-28",21.33
"2010-07-29",21.030001
"2010-07-30",20.6
"2010-08-02",21.15
"2010-08-03",20.870001
"2010-08-04",20.73
"2010-08-05",20.67
"2010-08-06",20.65
"2010-08-09",20.65
"2010-08-10",19.82
"2010-08-11",19.43
"2010-08-12",19.450001
"2010-08-13",19.15
"2010-08-16",19.469999
"2010-08-17",19.530001
"2010-08-18",19.59
"2010-08-19",18.9
"2010-08-20",18.91
"2010-08-23",18.700001
"2010-08-24",18.41
"2010-08-25",18.48
"2010-08-26",18.18
"2010-08-27",18.370001
"2010-08-30",17.959999
"2010-08-31",17.67
"2010-09-01",18.139999
"2010-09-02",18.280001
"2010-09-03",18.43
"2010-09-07",18.120001
"2010-09-08",17.9
"2010-09-09",18
"2010-09-10",17.969999
"2010-09-13",18.559999
"2010-09-14",18.74
"2010-09-15",18.719999
"2010-09-16",18.969999
"2010-09-17",18.809999
"2010-09-20",18.93
"2010-09-21",19.139999
"2010-09-22",19.01
"2010-09-23",18.98
"2010-09-24",19.42
"2010-09-27",19.24
"2010-09-28",19.51
"2010-09-29",19.24
"2010-09-30",19.200001
"2010-10-01",19.32
"2010-10-04",18.870001
"2010-10-05",19.15
"2010-10-06",19.309999
"2010-10-07",19.4
"2010-10-08",19.52
"2010-10-11",19.559999
"2010-10-12",19.77
"2010-10-13",19.24
"2010-10-14",19.32
"2010-10-15",19.32
"2010-10-18",19.190001
"2010-10-19",19.209999
"2010-10-20",19.639999
"2010-10-21",19.76
"2010-10-22",19.84
"2010-10-25",19.870001
"2010-10-26",20.040001
"2010-10-27",20.190001
"2010-10-28",20.469999
"2010-10-29",20.049999
"2010-11-01",20.57
"2010-11-02",20.34
"2010-11-03",20.48
"2010-11-04",20.969999
"2010-11-05",21.24
"2010-11-08",21.23
"2010-11-09",21.16
"2010-11-10",21.040001
"2010-11-11",21.209999
"2010-11-12",21.530001
"2010-11-15",21.299999
"2010-11-16",21.07
"2010-11-17",21.08
"2010-11-18",21.02
"2010-11-19",21.139999
"2010-11-22",21.25
"2010-11-23",21.09
"2010-11-24",21.389999
"2010-11-26",21.34
"2010-11-29",21.33
"2010-11-30",21.16
"2010-12-01",21.48
"2010-12-02",21.700001
"2010-12-03",21.690001
"2010-12-06",21.700001
"2010-12-07",21.58
"2010-12-08",21.82
"2010-12-09",21.809999
"2010-12-10",21.91
"2010-12-13",21.5
"2010-12-14",21.469999
"2010-12-15",21.280001
"2010-12-16",21.299999
"2010-12-17",21.459999
"2010-12-20",21.23
"2010-12-21",21.1
"2010-12-22",20.889999
"2010-12-23",20.84
"2010-12-27",20.84
"2010-12-28",20.879999
"2010-12-29",20.940001
"2010-12-30",21.02
"2010-12-31",21.030001
"2011-01-03",20.85
"2011-01-04",21.15
"2011-01-05",20.940001
"2011-01-06",20.77
"2011-01-07",20.66
"2011-01-10",20.690001
"2011-01-11",21.049999
"2011-01-12",21.299999
"2011-01-13",21.290001
"2011-01-14",21.08
"2011-01-18",21.08
"2011-01-19",21.01
"2011-01-20",20.950001
"2011-01-21",20.82
"2011-01-24",21.24
"2011-01-25",21.549999
"2011-01-26",21.75
"2011-01-27",21.75
"2011-01-28",21.459999
"2011-01-31",21.459999
"2011-02-01",21.48
"2011-02-02",21.559999
"2011-02-03",21.57
"2011-02-04",21.68
"2011-02-07",21.690001
"2011-02-08",21.639999
"2011-02-09",21.459999
"2011-02-10",21.799999
"2011-02-11",21.76
"2011-02-14",21.57
"2011-02-15",21.450001
"2011-02-16",21.75
"2011-02-17",21.969999
"2011-02-18",22.139999
"2011-02-22",21.809999
"2011-02-23",21.15
"2011-02-24",21.290001
"2011-02-25",21.860001
"2011-02-28",21.469999
"2011-03-01",21.389999
"2011-03-02",21.49
"2011-03-03",21.790001
"2011-03-04",21.559999
"2011-03-07",21.209999
"2011-03-08",21.129999
"2011-03-09",21.200001
"2011-03-10",20.790001
"2011-03-11",20.870001
"2011-03-14",20.84
"2011-03-15",20.18
"2011-03-16",19.809999
"2011-03-17",19.9
"2011-03-18",19.93
"2011-03-21",20.190001
"2011-03-22",20.15
"2011-03-23",20.290001
"2011-03-24",20.379999
"2011-03-25",20.370001
"2011-03-28",20.34
"2011-03-29",20.280001
"2011-03-30",20.459999
"2011-03-31",20.18
"2011-04-01",19.719999
"2011-04-04",19.49
"2011-04-05",19.709999
"2011-04-06",19.950001
"2011-04-07",20.030001
"2011-04-08",20.02
"2011-04-11",20.120001
"2011-04-12",19.76
"2011-04-13",19.780001
"2011-04-14",19.58
"2011-04-15",19.75
"2011-04-18",19.620001
"2011-04-19",19.860001
"2011-04-20",21.41
"2011-04-21",21.459999
"2011-04-25",21.940001
"2011-04-26",22.48
"2011-04-27",22.629999
"2011-04-28",22.799999
"2011-04-29",23.15
"2011-05-02",22.91
"2011-05-03",23.23
"2011-05-04",23.5
"2011-05-05",23.610001
"2011-05-06",23.25
"2011-05-09",22.76
"2011-05-10",23.030001
"2011-05-11",23.41
"2011-05-12",23.709999
"2011-05-13",23.41
"2011-05-16",23.639999
"2011-05-17",23.549999
"2011-05-18",23.879999
"2011-05-19",23.540001
"2011-05-20",23.219999
"2011-05-23",22.860001
"2011-05-24",22.610001
"2011-05-25",22.68
"2011-05-26",22.5
"2011-05-27",22.209999
"2011-05-31",22.51
"2011-06-01",22
"2011-06-02",22.09
"2011-06-03",21.73
"2011-06-06",21.83
"2011-06-07",22.059999
"2011-06-08",21.82
"2011-06-09",21.76
"2011-06-10",21.379999
"2011-06-13",21.389999
"2011-06-14",21.82
"2011-06-15",21.42
"2011-06-16",21.42
"2011-06-17",21.190001
"2011-06-20",21.33
"2011-06-21",21.65
"2011-06-22",21.4
"2011-06-23",21.709999
"2011-06-24",21.200001
"2011-06-27",21.34
"2011-06-28",21.49
"2011-06-29",21.389999
"2011-06-30",22.16
"2011-07-01",22.530001
"2011-07-05",22.440001
"2011-07-06",22.75
"2011-07-07",23.23
"2011-07-08",23.09
"2011-07-11",22.85
"2011-07-12",22.450001
"2011-07-13",22.48
"2011-07-14",22.27
"2011-07-15",22.370001
"2011-07-18",22.280001
"2011-07-19",23.059999
"2011-07-20",22.99
"2011-07-21",22.809999
"2011-07-22",23.129999
"2011-07-25",23.030001
"2011-07-26",22.9
"2011-07-27",22.530001
"2011-07-28",22.549999
"2011-07-29",22.33
"2011-08-01",22.24
"2011-08-02",21.719999
"2011-08-03",21.809999
"2011-08-04",20.85
"2011-08-05",20.790001
"2011-08-08",20.110001
"2011-08-09",20.6
"2011-08-10",19.93
"2011-08-11",20.76
"2011-08-12",20.65
"2011-08-15",20.889999
"2011-08-16",20.790001
"2011-08-17",20.67
"2011-08-18",19.77
"2011-08-19",19.190001
"2011-08-22",19.379999
"2011-08-23",19.709999
"2011-08-24",19.799999
"2011-08-25",19.42
"2011-08-26",19.77
"2011-08-29",20.299999
"2011-08-30",20.24
"2011-08-31",20.129999
"2011-09-01",19.99
"2011-09-02",19.639999
"2011-09-06",19.540001
"2011-09-07",20.08
"2011-09-08",19.9
"2011-09-09",19.700001
"2011-09-12",20.280001
"2011-09-13",20.76
"2011-09-14",21.120001
"2011-09-15",21.540001
"2011-09-16",21.969999
"2011-09-19",21.93
"2011-09-20",22.200001
"2011-09-21",21.940001
"2011-09-22",21.620001
"2011-09-23",22.16
"2011-09-26",22.24
"2011-09-27",22.540001
"2011-09-28",22.309999
"2011-09-29",22.209999
"2011-09-30",21.34
"2011-10-03",20.620001
"2011-10-04",21.219999
"2011-10-05",21.85
"2011-10-06",22.030001
"2011-10-07",22.290001
"2011-10-10",22.879999
"2011-10-11",22.99
"2011-10-12",23.120001
"2011-10-13",23.389999
"2011-10-14",23.5
"2011-10-17",23.280001
"2011-10-18",23.4
"2011-10-19",24.24
"2011-10-20",23.610001
"2011-10-21",24.030001
"2011-10-24",24.59
"2011-10-25",24.629999
"2011-10-26",24.700001
"2011-10-27",25.129999
"2011-10-28",24.98
"2011-10-31",24.540001
"2011-11-01",23.9
"2011-11-02",23.85
"2011-11-03",24.200001
"2011-11-04",23.74
"2011-11-07",24.280001
"2011-11-08",24.75
"2011-11-09",23.84
"2011-11-10",24.059999
"2011-11-11",24.85
"2011-11-14",24.629999
"2011-11-15",25.34
"2011-11-16",24.940001
"2011-11-17",24.34
"2011-11-18",24.290001
"2011-11-21",23.57
"2011-11-22",23.24
"2011-11-23",22.700001
"2011-11-25",22.73
"2011-11-28",23.459999
"2011-11-29",23.58
"2011-11-30",24.91
"2011-12-01",24.92
"2011-12-02",24.639999
"2011-12-05",25.01
"2011-12-06",25.35
"2011-12-07",25.66
"2011-12-08",24.709999
"2011-12-09",25.01
"2011-12-12",24
"2011-12-13",23.559999
"2011-12-14",23.309999
"2011-12-15",23.309999
"2011-12-16",23.23
"2011-12-19",23.1
"2011-12-20",23.84
"2011-12-21",23.68
"2011-12-22",24.02
"2011-12-23",24.4
"2011-12-27",24.559999
"2011-12-28",24.23
"2011-12-29",24.549999
"2011-12-30",24.25
"2012-01-03",24.540001
"2012-01-04",25.110001
"2012-01-05",25.4
"2012-01-06",25.25
"2012-01-09",25.469999
"2012-01-10",25.59
"2012-01-11",25.799999
"2012-01-12",25.75
"2012-01-13",25.139999
"2012-01-17",25.040001
"2012-01-18",25.389999
"2012-01-19",25.629999
"2012-01-20",26.379999
"2012-01-23",26.709999
"2012-01-24",26.9
"2012-01-25",26.9
"2012-01-26",26.75
"2012-01-27",26.73
"2012-01-30",26.74
"2012-01-31",26.42
"2012-02-01",26.549999
"2012-02-02",26.49
"2012-02-03",26.74
"2012-02-06",26.719999
"2012-02-07",26.639999
"2012-02-08",26.85
"2012-02-09",26.860001
"2012-02-10",26.700001
"2012-02-13",26.700001
"2012-02-14",26.780001
"2012-02-15",26.58
"2012-02-16",26.83
"2012-02-17",27.370001
"2012-02-21",27.16
"2012-02-22",26.73
"2012-02-23",26.66
"2012-02-24",26.700001
"2012-02-27",26.889999
"2012-02-28",27.24
"2012-02-29",26.879999
"2012-03-01",26.860001
"2012-03-02",26.92
"2012-03-05",26.540001
"2012-03-06",26.610001
"2012-03-07",26.91
"2012-03-08",26.84
"2012-03-09",27.07
"2012-03-12",26.99
"2012-03-13",27.49
"2012-03-14",27.459999
"2012-03-15",27.75
"2012-03-16",27.73
"2012-03-19",27.74
"2012-03-20",27.75
"2012-03-21",27.780001
"2012-03-22",27.9
"2012-03-23",27.879999
"2012-03-26",28.190001
"2012-03-27",28.190001
"2012-03-28",27.799999
"2012-03-29",28.16
"2012-03-30",28.120001
"2012-04-02",28.379999
"2012-04-03",28.110001
"2012-04-04",27.93
"2012-04-05",28.07
"2012-04-09",27.76
"2012-04-10",27.450001
"2012-04-11",27.85
"2012-04-12",28.48
"2012-04-13",28.09
"2012-04-16",28.41
"2012-04-17",28.469999
"2012-04-18",27.950001
"2012-04-19",27.690001
"2012-04-20",27.6
"2012-04-23",27.450001
"2012-04-24",27.309999
"2012-04-25",27.860001
"2012-04-26",28.219999
"2012-04-27",28.379999
"2012-04-30",28.4
"2012-05-01",28.950001
"2012-05-02",29.18
"2012-05-03",28.559999
"2012-05-04",27.9
"2012-05-07",27.76
"2012-05-08",27.370001
"2012-05-09",27.190001
"2012-05-10",27.24
"2012-05-11",27.629999
"2012-05-14",27.02
"2012-05-15",26.879999
"2012-05-16",26.5
"2012-05-17",26.190001
"2012-05-18",26.07
"2012-05-21",26.15
"2012-05-22",26.030001
"2012-05-23",25.440001
"2012-05-24",25.65
"2012-05-25",25.74
"2012-05-29",26.09
"2012-05-30",26.129999
"2012-05-31",25.84
"2012-06-01",25.139999
"2012-06-04",25.040001
"2012-06-05",25.43
"2012-06-06",26.07
"2012-06-07",25.940001
"2012-06-08",26.41
"2012-06-11",25.99
"2012-06-12",26.52
"2012-06-13",26.540001
"2012-06-14",26.98
"2012-06-15",27.34
"2012-06-18",27.42
"2012-06-19",27.51
"2012-06-20",27.639999
"2012-06-21",26.709999
"2012-06-22",26.940001
"2012-06-25",26.049999
"2012-06-26",26.01
"2012-06-27",26.219999
"2012-06-28",25.83
"2012-06-29",26.65
"2012-07-02",26.67
"2012-07-03",26.860001
"2012-07-05",26.549999
"2012-07-06",26.16
"2012-07-09",26.17
"2012-07-10",25.559999
"2012-07-11",25.389999
"2012-07-12",24.74
"2012-07-13",25.25
"2012-07-16",25.129999
"2012-07-17",25.379999
"2012-07-18",26.209999
"2012-07-19",26.059999
"2012-07-20",25.52
"2012-07-23",25.26
"2012-07-24",25.01
"2012-07-25",25.129999
"2012-07-26",25.5
"2012-07-27",26.02
"2012-07-30",25.76
"2012-07-31",25.700001
"2012-08-01",25.93
"2012-08-02",25.91
"2012-08-03",26.23
"2012-08-06",26.309999
"2012-08-07",26.5
"2012-08-08",26.6
"2012-08-09",26.700001
"2012-08-10",26.879999
"2012-08-13",26.690001
"2012-08-14",26.48
"2012-08-15",26.27
"2012-08-16",26.59
"2012-08-17",26.33
"2012-08-20",26.23
"2012-08-21",26.110001
"2012-08-22",25.73
"2012-08-23",25.040001
"2012-08-24",24.91
"2012-08-27",24.84
"2012-08-28",25
"2012-08-29",24.67
"2012-08-30",24.27
"2012-08-31",24.83
"2012-09-04",24.42
"2012-09-05",24.389999
"2012-09-06",25.1
"2012-09-07",24.190001
"2012-09-10",23.26
"2012-09-11",23.34
"2012-09-12",23.190001
"2012-09-13",23.360001
"2012-09-14",23.370001
"2012-09-17",23.309999
"2012-09-18",23.370001
"2012-09-19",23.15
"2012-09-20",23.18
"2012-09-21",23.129999
"2012-09-24",22.799999
"2012-09-25",22.540001
"2012-09-26",22.65
"2012-09-27",23.09
"2012-09-28",22.66
"2012-10-01",22.76
"2012-10-02",22.84
"2012-10-03",22.549999
"2012-10-04",22.469999
"2012-10-05",22.68
"2012-10-08",22.51
"2012-10-09",21.9
"2012-10-10",21.76
"2012-10-11",21.68
"2012-10-12",21.48
"2012-10-15",21.73
"2012-10-16",22.35
"2012-10-17",21.790001
"2012-10-18",21.67
"2012-10-19",21.27
"2012-10-22",21.459999
"2012-10-23",21.59
"2012-10-24",21.459999
"2012-10-25",21.690001
"2012-10-26",21.950001
"2012-10-31",21.629999
"2012-11-01",22.26
"2012-11-02",22.059999
"2012-11-05",21.84
"2012-11-06",21.73
"2012-11-07",20.91
"2012-11-08",20.83
"2012-11-09",20.799999
"2012-11-12",20.77
"2012-11-13",20.280001
"2012-11-14",19.959999
"2012-11-15",20.030001
"2012-11-16",20.190001
"2012-11-19",20.25
"2012-11-20",19.51
"2012-11-21",19.360001
"2012-11-23",19.719999
"2012-11-26",19.889999
"2012-11-27",19.93
"2012-11-28",20.09
"2012-11-29",19.530001
"2012-11-30",19.57
"2012-12-03",19.540001
"2012-12-04",19.969999
"2012-12-05",19.85
"2012-12-06",20.16
"2012-12-07",20.16
"2012-12-10",20.08
"2012-12-11",20.65
"2012-12-12",20.67
"2012-12-13",20.49
"2012-12-14",20.530001
"2012-12-17",20.57
"2012-12-18",20.959999
"2012-12-19",21.1
"2012-12-20",21.030001
"2012-12-21",20.77
"2012-12-24",20.639999
"2012-12-26",20.65
"2012-12-27",20.51
"2012-12-28",20.23
"2012-12-31",20.620001
"2013-01-02",21.379999
"2013-01-03",21.32
"2013-01-04",21.16
"2013-01-07",21.25
"2013-01-08",21.09
"2013-01-09",21.450001
"2013-01-10",21.799999
"2013-01-11",22
"2013-01-14",22
"2013-01-15",21.879999
"2013-01-16",22.110001
"2013-01-17",22.68
"2013-01-18",21.25
"2013-01-22",21.17
"2013-01-23",21.110001
"2013-01-24",20.950001
"2013-01-25",20.959999
"2013-01-28",21.049999
"2013-01-29",21.280001
"2013-01-30",21.370001
"2013-01-31",21.040001
"2013-02-01",21.360001
"2013-02-04",21.16
"2013-02-05",21.18
"2013-02-06",20.99
"2013-02-07",20.809999
"2013-02-08",21
"2013-02-11",21.030001
"2013-02-12",21.190001
"2013-02-13",21.25
"2013-02-14",21.23
"2013-02-15",21.120001
"2013-02-19",21.09
"2013-02-20",20.73
"2013-02-21",20.25
"2013-02-22",20.42
"2013-02-25",20.23
"2013-02-26",20.58
"2013-02-27",20.93
"2013-02-28",20.879999
"2013-03-01",21.030001
"2013-03-04",21.27
"2013-03-05",21.51
"2013-03-06",21.75
"2013-03-07",21.889999
"2013-03-08",21.58
"2013-03-11",21.690001
"2013-03-12",21.639999
"2013-03-13",21.66
"2013-03-14",21.65
"2013-03-15",21.379999
"2013-03-18",21.26
"2013-03-19",21.139999
"2013-03-20",21.18
"2013-03-21",21.040001
"2013-03-22",21.33
"2013-03-25",21.15
"2013-03-26",21.77
"2013-03-27",21.83
"2013-03-28",21.84
"2013-04-01",21.43
"2013-04-02",21.459999
"2013-04-03",21.049999
"2013-04-04",21.139999
"2013-04-05",20.940001
"2013-04-08",21.09
"2013-04-09",21.75
"2013-04-10",22.26
"2013-04-11",21.83
"2013-04-12",21.68
"2013-04-15",21.379999
"2013-04-16",21.92
"2013-04-17",21.93
"2013-04-18",22.24
"2013-04-19",22.440001
"2013-04-22",22.879999
"2013-04-23",23.379999
"2013-04-24",23.66
"2013-04-25",23.379999
"2013-04-26",23.4
"2013-04-29",23.76
"2013-04-30",23.950001
"2013-05-01",23.99
"2013-05-02",24.110001
"2013-05-03",23.959999
"2013-05-06",23.91
"2013-05-07",24.15
"2013-05-08",24.25
"2013-05-09",24.360001
"2013-05-10",24.5
"2013-05-13",24.08
"2013-05-14",23.84
"2013-05-15",24.200001
"2013-05-16",23.940001
"2013-05-17",24.040001
"2013-05-20",24.08
"2013-05-21",24.15
"2013-05-22",24.07
"2013-05-23",24.049999
"2013-05-24",23.92
"2013-05-28",24.08
"2013-05-29",24.27
"2013-05-30",24.209999
"2013-05-31",24.280001
"2013-06-03",25.24
"2013-06-04",25.360001
"2013-06-05",24.700001
"2013-06-06",24.65
"2013-06-07",24.59
"2013-06-10",25.01
"2013-06-11",24.709999
"2013-06-12",24.459999
"2013-06-13",24.99
"2013-06-14",24.92
"2013-06-17",25.1
"2013-06-18",25.469999
"2013-06-19",25
"2013-06-20",24.190001
"2013-06-21",24.200001
"2013-06-24",23.58
"2013-06-25",23.879999
"2013-06-26",24.01
"2013-06-27",24.049999
"2013-06-28",24.23
"2013-07-01",23.889999
"2013-07-02",23.719999
"2013-07-03",23.76
"2013-07-05",24.059999
"2013-07-08",23.190001
"2013-07-09",23.139999
"2013-07-10",23.25
"2013-07-11",23.99
"2013-07-12",23.9
"2013-07-15",23.940001
"2013-07-16",24.25
"2013-07-17",24.15
"2013-07-18",23.24
"2013-07-19",23.040001
"2013-07-22",22.77
"2013-07-23",22.75
"2013-07-24",22.93
"2013-07-25",23.059999
"2013-07-26",23.26
"2013-07-29",23.24
"2013-07-30",23.379999
"2013-07-31",23.34
"2013-08-01",23.200001
"2013-08-02",23.219999
"2013-08-05",22.92
"2013-08-06",22.799999
"2013-08-07",22.700001
"2013-08-08",22.450001
"2013-08-09",22.51
"2013-08-12",22.639999
"2013-08-13",22.52
"2013-08-14",22.57
"2013-08-15",22.030001
"2013-08-16",21.91
"2013-08-19",22.280001
"2013-08-20",22.52
"2013-08-21",22.17
"2013-08-22",22.26
"2013-08-23",22.440001
"2013-08-26",22.27
"2013-08-27",22.190001
"2013-08-28",22.290001
"2013-08-29",22.059999
"2013-08-30",21.98
"2013-09-03",22.07
"2013-09-04",22.639999
"2013-09-05",22.6
"2013-09-06",22.67
"2013-09-09",22.91
"2013-09-10",22.98
"2013-09-11",22.809999
"2013-09-12",22.629999
"2013-09-13",23.440001
"2013-09-16",23.389999
"2013-09-17",23.74
"2013-09-18",23.9
"2013-09-19",23.91
"2013-09-20",23.77
"2013-09-23",23.620001
"2013-09-24",23.700001
"2013-09-25",23.700001
"2013-09-26",23.41
"2013-09-27",22.98
"2013-09-30",22.92
"2013-10-01",22.83
"2013-10-02",22.889999
"2013-10-03",22.6
"2013-10-04",22.809999
"2013-10-07",22.83
"2013-10-08",22.48
"2013-10-09",22.59
"2013-10-10",23.1
"2013-10-11",23.26
"2013-10-14",23.450001
"2013-10-15",23.389999
"2013-10-16",23.700001
"2013-10-17",23.92
"2013-10-18",23.879999
"2013-10-21",24.139999
"2013-10-22",24.07
"2013-10-23",23.74
"2013-10-24",23.780001
"2013-10-25",24.24
"2013-10-28",24.360001
"2013-10-29",24.52
"2013-10-30",24.5
"2013-10-31",24.469999
"2013-11-01",24.33
"2013-11-04",24.26
"2013-11-05",24.030001
"2013-11-06",24.25
"2013-11-07",24.059999
"2013-11-08",24.09
"2013-11-11",24.17
"2013-11-12",24.43
"2013-11-13",24.6
"2013-11-14",24.389999
"2013-11-15",24.52
"2013-11-18",24.6
"2013-11-19",24.700001
"2013-11-20",24.559999
"2013-11-21",25.23
"2013-11-22",23.870001
"2013-11-25",23.75
"2013-11-26",23.65
"2013-11-27",23.9
"2013-11-29",23.84
"2013-12-02",23.700001
"2013-12-03",23.549999
"2013-12-04",23.74
"2013-12-05",24.26
"2013-12-06",24.82
"2013-12-09",24.93
"2013-12-10",24.82
"2013-12-11",24.42
"2013-12-12",24.469999
"2013-12-13",24.290001
"2013-12-16",24.450001
"2013-12-17",24.66
"2013-12-18",25.15
"2013-12-19",25.139999
"2013-12-20",25.059999
"2013-12-23",25.32
"2013-12-24",25.43
"2013-12-26",25.700001
"2013-12-27",25.6
"2013-12-30",25.85
"2013-12-31",25.959999
"2014-01-02",25.790001
"2014-01-03",25.780001
"2014-01-06",25.459999
"2014-01-07",25.59
"2014-01-08",25.43
"2014-01-09",25.309999
"2014-01-10",25.530001
"2014-01-13",25.5
"2014-01-14",26.51
"2014-01-15",26.67
"2014-01-16",26.540001
"2014-01-17",25.85
"2014-01-21",25.59
"2014-01-22",25.309999
"2014-01-23",25.129999
"2014-01-24",24.809999
"2014-01-27",24.719999
"2014-01-28",24.9
"2014-01-29",24.68
"2014-01-30",24.74
"2014-01-31",24.540001
"2014-02-03",23.950001
"2014-02-04",23.82
"2014-02-05",23.52
"2014-02-06",23.99
"2014-02-07",24.209999
"2014-02-10",24.290001
"2014-02-11",24.469999
"2014-02-12",24.549999
"2014-02-13",24.700001
"2014-02-14",24.76
"2014-02-18",24.76
"2014-02-19",24.5
"2014-02-20",24.74
"2014-02-21",24.42
"2014-02-24",24.629999
"2014-02-25",24.620001
"2014-02-26",24.799999
"2014-02-27",24.76
"2014-02-28",24.76
"2014-03-03",24.5
"2014-03-04",24.610001
"2014-03-05",24.5
"2014-03-06",24.629999
"2014-03-07",24.639999
"2014-03-10",24.84
"2014-03-11",24.73
"2014-03-12",24.76
"2014-03-13",24.57
"2014-03-14",24.5
"2014-03-17",24.700001
"2014-03-18",24.82
"2014-03-19",25.02
"2014-03-20",25.43
"2014-03-21",25.17
"2014-03-24",25.120001
"2014-03-25",25.459999
"2014-03-26",25.379999
"2014-03-27",25.309999
"2014-03-28",25.620001
"2014-03-31",25.809999
"2014-04-01",25.99
"2014-04-02",25.889999
"2014-04-03",26.41
"2014-04-04",26.16
"2014-04-07",26.49
"2014-04-08",26.91
"2014-04-09",26.98
"2014-04-10",26.43
"2014-04-11",26.18
"2014-04-14",26.559999
"2014-04-15",26.77
"2014-04-16",26.93
"2014-04-17",27.040001
"2014-04-21",26.950001
"2014-04-22",26.84
"2014-04-23",26.75
"2014-04-24",26.75
"2014-04-25",26.26
"2014-04-28",26.33
"2014-04-29",26.48
"2014-04-30",26.690001
"2014-05-01",26.450001
"2014-05-02",26.41
"2014-05-05",26.17
"2014-05-06",26.200001
"2014-05-07",26.370001
"2014-05-08",26.34
"2014-05-09",26.299999
"2014-05-12",26.370001
"2014-05-13",26.450001
"2014-05-14",26.33
"2014-05-15",26.01
"2014-05-16",25.82
"2014-05-19",26.040001
"2014-05-20",26.040001
"2014-05-21",26.200001
"2014-05-22",26.15
"2014-05-23",26.290001
"2014-05-27",26.709999
"2014-05-28",26.879999
"2014-05-29",26.959999
"2014-05-30",27.32
"2014-06-02",27.26
"2014-06-03",27.66
"2014-06-04",27.6
"2014-06-05",27.66
"2014-06-06",28.17
"2014-06-09",27.91
"2014-06-10",28.24
"2014-06-11",27.93
"2014-06-12",27.959999
"2014-06-13",29.870001
"2014-06-16",30.01
"2014-06-17",29.950001
"2014-06-18",29.93
"2014-06-19",30.09
"2014-06-20",30.200001
"2014-06-23",30.23
"2014-06-24",30.5
"2014-06-25",30.879999
"2014-06-26",30.780001
"2014-06-27",30.93
"2014-06-30",30.9
"2014-07-01",30.98
"2014-07-02",30.98
"2014-07-03",31.139999
"2014-07-07",31.030001
"2014-07-08",30.790001
"2014-07-09",30.889999
"2014-07-10",31.26
"2014-07-11",31.25
"2014-07-14",31.49
"2014-07-15",31.709999
"2014-07-16",34.650002
"2014-07-17",33.700001
"2014-07-18",33.700001
"2014-07-21",34.060001
"2014-07-22",34.790001
"2014-07-23",34.5
"2014-07-24",34.25
"2014-07-25",34.25
"2014-07-28",34.23
"2014-07-29",34.189999
"2014-07-30",34.349998
"2014-07-31",33.889999
"2014-08-01",33.740002
"2014-08-04",34.049999
"2014-08-05",32.82
"2014-08-06",32.849998
"2014-08-07",32.68
"2014-08-08",32.599998
"2014-08-11",33.02
"2014-08-12",33.130001
"2014-08-13",34.099998
"2014-08-14",33.939999
"2014-08-15",34.169998
"2014-08-18",34.41
"2014-08-19",34.34
"2014-08-20",34.5
"2014-08-21",35.150002
"2014-08-22",34.939999
"2014-08-25",34.810001
"2014-08-26",34.799999
"2014-08-27",34.790001
"2014-08-28",34.650002
"2014-08-29",34.919998
"2014-09-02",34.57
"2014-09-03",34.57
"2014-09-04",34.91
"2014-09-05",35
"2014-09-08",35.330002
"2014-09-09",34.91
"2014-09-10",35.02
"2014-09-11",35.02
"2014-09-12",34.619999
"2014-09-15",34.540001
"2014-09-16",34.93
"2014-09-17",34.98
"2014-09-18",35.169998
"2014-09-19",34.82
"2014-09-22",34.709999
"2014-09-23",34.419998
"2014-09-24",34.75
"2014-09-25",34.139999
"2014-09-26",34.259998
"2014-09-29",34.900002
"2014-09-30",34.82
"2014-10-01",33.990002
"2014-10-02",33.52
"2014-10-03",34.029999
"2014-10-06",34.110001
"2014-10-07",33.470001
"2014-10-08",34.27
"2014-10-09",33.619999
"2014-10-10",31.91
"2014-10-13",31.469999
"2014-10-14",32.139999
"2014-10-15",31.280001
"2014-10-16",30.85
"2014-10-17",31.379999
"2014-10-20",31.58
"2014-10-21",32.610001
"2014-10-22",32.27
"2014-10-23",32.689999
"2014-10-24",33.18
"2014-10-27",33.200001
"2014-10-28",33.740002
"2014-10-29",33.919998
"2014-10-30",32.580002
"2014-10-31",34.009998
"2014-11-03",34.310001
"2014-11-04",34.540001
"2014-11-05",33.759998
"2014-11-06",33.82
"2014-11-07",33.580002
"2014-11-10",33.259998
"2014-11-11",33.310001
"2014-11-12",33.380001
"2014-11-13",33.68
"2014-11-14",33.950001
"2014-11-17",34.240002
"2014-11-18",34.709999
"2014-11-19",34.349998
"2014-11-20",35.950001
"2014-11-21",35.59
"2014-11-24",36.25
"2014-11-25",36.32
"2014-11-26",36.900002
"2014-11-28",37.25
"2014-12-01",37.169998
"2014-12-02",37.599998
"2014-12-03",37.43
"2014-12-04",37.459999
"2014-12-05",37.669998
"2014-12-08",37.200001
"2014-12-09",36.889999
"2014-12-10",36.419998
"2014-12-11",36.700001
"2014-12-12",36.23
"2014-12-15",35.919998
"2014-12-16",35.560001
"2014-12-17",36.240002
"2014-12-18",37.02
"2014-12-19",36.369999
"2014-12-22",37.209999
"2014-12-23",37.43
"2014-12-24",37.439999
"2014-12-26",37.549999
"2014-12-29",37.18
"2014-12-30",36.759998
"2014-12-31",36.290001
"2015-01-02",36.360001
"2015-01-05",35.950001
"2015-01-06",35.279999
"2015-01-07",36.02
"2015-01-08",36.689999
"2015-01-09",36.759998
"2015-01-12",36.599998
"2015-01-13",36.5
"2015-01-14",36.349998
"2015-01-15",36.189999
"2015-01-16",36.450001
"2015-01-20",36.09
"2015-01-21",36.48
"2015-01-22",36.91
"2015-01-23",36.450001
"2015-01-26",35.810001
"2015-01-27",34.189999
"2015-01-28",33.779999
"2015-01-29",34.209999
"2015-01-30",33.040001
"2015-02-02",33.650002
"2015-02-03",33.700001
"2015-02-04",33.599998
"2015-02-05",33.939999
"2015-02-06",33.299999
"2015-02-09",32.93
"2015-02-10",33.700001
"2015-02-11",33.549999
"2015-02-12",34.130001
"2015-02-13",34.360001
"2015-02-17",34.740002
"2015-02-18",34.27
"2015-02-19",34.209999
"2015-02-20",34.41
"2015-02-23",33.759998
"2015-02-24",34.41
"2015-02-25",33.950001
"2015-02-26",33.650002
"2015-02-27",33.25
"2015-03-02",34.060001
"2015-03-03",34.099998
"2015-03-04",34.119999
"2015-03-05",33.73
"2015-03-06",33.189999
"2015-03-09",32.720001
"2015-03-10",31.700001
"2015-03-11",32.330002
"2015-03-12",30.799999
"2015-03-13",30.93
"2015-03-16",30.83
"2015-03-17",30.59
"2015-03-18",30.889999
"2015-03-19",30.74
"2015-03-20",31.309999
"2015-03-23",31.200001
"2015-03-24",30.790001
"2015-03-25",29.889999
"2015-03-26",30.08
"2015-03-27",32
"2015-03-30",31.459999
"2015-03-31",31.27
"2015-04-01",30.809999
"2015-04-02",30.809999
"2015-04-06",31.040001
"2015-04-07",31.26
"2015-04-08",31.309999
"2015-04-09",31.24
"2015-04-10",31.93
"2015-04-13",31.73
"2015-04-14",31.49
"2015-04-15",32.830002
"2015-04-16",32.869999
"2015-04-17",32.470001
"2015-04-20",32.73
"2015-04-21",32.43
"2015-04-22",32.700001
"2015-04-23",32.349998
"2015-04-24",32.080002
"2015-04-27",32.5
"2015-04-28",33.02
"2015-04-29",32.889999
"2015-04-30",32.549999
"2015-05-01",33.419998
"2015-05-04",33.43
"2015-05-05",32.639999
"2015-05-06",32.220001
"2015-05-07",32.240002
"2015-05-08",32.799999
"2015-05-11",32.689999
"2015-05-12",32.25
"2015-05-13",32.639999
"2015-05-14",32.970001
"2015-05-15",32.990002
"2015-05-18",33.41
"2015-05-19",33.150002
"2015-05-20",33.369999
"2015-05-21",33.549999
"2015-05-22",33.450001
"2015-05-26",33.099998
"2015-05-27",33.709999
"2015-05-28",34.009998
"2015-05-29",34.459999
"2015-06-01",33.91
"2015-06-02",33.27
"2015-06-03",32.73
"2015-06-04",32.310001
"2015-06-05",31.84
"2015-06-08",31.299999
"2015-06-09",31.25
"2015-06-10",31.82
"2015-06-11",31.85
"2015-06-12",31.32
"2015-06-15",31.389999
"2015-06-16",31.639999
"2015-06-17",31.950001
"2015-06-18",32.380001
"2015-06-19",32.07
"2015-06-22",32.259998
"2015-06-23",32.09
"2015-06-24",31.91
"2015-06-25",31.99
"2015-06-26",31.02
"2015-06-29",30.389999
"2015-06-30",30.42
"2015-07-01",30.18
"2015-07-02",30.559999
"2015-07-06",30.040001
"2015-07-07",29.9
"2015-07-08",29.5
"2015-07-09",28.93
"2015-07-10",29.17
"2015-07-13",29.73
"2015-07-14",29.65
"2015-07-15",29.690001
"2015-07-16",29.9
"2015-07-17",29.469999
"2015-07-20",29.1
"2015-07-21",28.719999
"2015-07-22",28.610001
"2015-07-23",28.6
"2015-07-24",28.059999
"2015-07-27",28.35
"2015-07-28",28.959999
"2015-07-29",29.01
"2015-07-30",28.91
"2015-07-31",28.950001
"2015-08-03",29.049999
"2015-08-04",29.129999
"2015-08-05",29.120001
"2015-08-06",29.01
"2015-08-07",28.879999
"2015-08-10",29.639999
"2015-08-11",28.969999
"2015-08-12",29.459999
"2015-08-13",28.870001
"2015-08-14",29.02
"2015-08-17",29.08
"2015-08-18",28.91
"2015-08-19",28.360001
"2015-08-20",27.530001
"2015-08-21",26.559999
"2015-08-24",26.25
"2015-08-25",25.870001
"2015-08-26",27.299999
"2015-08-27",27.719999
"2015-08-28",28.42
"2015-08-31",28.540001
"2015-09-01",27.82
"2015-09-02",28.6
"2015-09-03",29.08
"2015-09-04",28.52
"2015-09-08",29.5
"2015-09-09",29.24
"2015-09-10",29.27
"2015-09-11",29.469999
"2015-09-14",29.389999
"2015-09-15",29.73
"2015-09-16",29.77
"2015-09-17",29.709999
"2015-09-18",29.02
"2015-09-21",29.16
"2015-09-22",28.67
"2015-09-23",28.74
"2015-09-24",28.48
"2015-09-25",28.809999
"2015-09-28",28.76
"2015-09-29",29.24
"2015-09-30",30.139999
"2015-10-01",30
"2015-10-02",30.51
"2015-10-05",31.209999
"2015-10-06",31.74
"2015-10-07",32.32
"2015-10-08",32.52
"2015-10-09",32.139999
"2015-10-12",32.209999
"2015-10-13",32.040001
"2015-10-14",32.799999
"2015-10-15",32.75
"2015-10-16",33.040001
"2015-10-19",33.59
"2015-10-20",33.439999
"2015-10-21",33.369999
"2015-10-22",34.400002
"2015-10-23",34.900002
"2015-10-26",34.59
"2015-10-27",34.470001
"2015-10-28",34.709999
"2015-10-29",34.029999
"2015-10-30",33.860001
"2015-11-02",34.110001
"2015-11-03",34.310001
"2015-11-04",34.150002
"2015-11-05",34
"2015-11-06",33.84
"2015-11-09",33.349998
"2015-11-10",33.209999
"2015-11-11",32.860001
"2015-11-12",32.400002
"2015-11-13",32.110001
"2015-11-16",32.099998
"2015-11-17",32.639999
"2015-11-18",33.16
"2015-11-19",34.299999
"2015-11-20",34.66
"2015-11-23",34.48
"2015-11-24",34.360001
"2015-11-25",34.450001
"2015-11-27",34.459999
"2015-11-30",34.77
"2015-12-01",35.09
"2015-12-02",34.830002
"2015-12-03",34.040001
"2015-12-04",34.939999
"2015-12-07",34.990002
"2015-12-08",34.75
"2015-12-09",34.810001
"2015-12-10",34.77
"2015-12-11",34.27
"2015-12-14",34.470001
"2015-12-15",35.18
"2015-12-16",35.299999
"2015-12-17",34.91
"2015-12-18",33.869999
"2015-12-21",34.240002
"2015-12-22",34.73
"2015-12-23",35
"2015-12-24",34.98
"2015-12-28",34.93
"2015-12-29",35.439999
"2015-12-30",34.990002
"2015-12-31",34.450001
"2016-01-04",33.990002
"2016-01-05",33.830002
"2016-01-06",33.080002
"2016-01-07",31.84
"2016-01-08",31.51
"2016-01-11",32.060001
"2016-01-12",32.68
"2016-01-13",31.91
"2016-01-14",32.740002
"2016-01-15",29.76
"2016-01-19",29.799999
"2016-01-20",29.59
"2016-01-21",29.66
"2016-01-22",29.93
"2016-01-25",29.6
"2016-01-26",29.940001
"2016-01-27",29.809999
"2016-01-28",29.969999
"2016-01-29",31.02
"2016-02-01",30.82
"2016-02-02",29.799999
"2016-02-03",29.34
"2016-02-04",29.77
"2016-02-05",29.040001
"2016-02-08",28.82
"2016-02-09",28.809999
"2016-02-10",28.23
"2016-02-11",28.219999
"2016-02-12",28.639999
"2016-02-16",28.780001
"2016-02-17",29.469999
"2016-02-18",29.42
"2016-02-19",28.709999
"2016-02-22",29.35
"2016-02-23",28.799999
"2016-02-24",29.190001
"2016-02-25",29.620001
"2016-02-26",29.799999
"2016-02-29",29.59
"2016-03-01",30.370001
"2016-03-02",30.540001
"2016-03-03",30.58
"2016-03-04",30.629999
"2016-03-07",30.940001
"2016-03-08",30.559999
"2016-03-09",30.870001
"2016-03-10",31.25
"2016-03-11",31.76
"2016-03-14",31.43
"2016-03-15",31.65
"2016-03-16",31.690001
"2016-03-17",31.98
"2016-03-18",32.68
"2016-03-21",32.34
"2016-03-22",32.32
"2016-03-23",32
"2016-03-24",31.879999
"2016-03-28",31.9
"2016-03-29",32.380001
"2016-03-30",32.709999
"2016-03-31",32.349998
"2016-04-01",32.450001
"2016-04-04",32
"2016-04-05",31.9
"2016-04-06",32.080002
"2016-04-07",31.549999
"2016-04-08",31.629999
"2016-04-11",31.67
"2016-04-12",31.860001
"2016-04-13",32.130001
"2016-04-14",31.799999
"2016-04-15",31.459999
"2016-04-18",31.65
"2016-04-19",31.6
"2016-04-20",32
"2016-04-21",31.969999
"2016-04-22",31.639999
"2016-04-25",31.389999
"2016-04-26",31.4
"2016-04-27",31.75
"2016-04-28",31.110001
"2016-04-29",30.280001
"2016-05-02",30.610001
"2016-05-03",30.360001
"2016-05-04",29.85
"2016-05-05",29.9
"2016-05-06",30.040001
"2016-05-09",29.799999
"2016-05-10",30.139999
"2016-05-11",30.059999
"2016-05-12",29.76
"2016-05-13",29.91
"2016-05-16",30.389999
"2016-05-17",29.98
"2016-05-18",29.99
"2016-05-19",29.629999
"2016-05-20",30.15
"2016-05-23",30.23
"2016-05-24",31.059999
"2016-05-25",31.389999
"2016-05-26",31.49
"2016-05-27",31.57
"2016-05-31",31.59
"2016-06-01",31.66
"2016-06-02",31.76
"2016-06-03",31.620001
"2016-06-06",31.68
"2016-06-07",31.879999
"2016-06-08",31.889999
"2016-06-09",31.940001
"2016-06-10",32.040001
"2016-06-13",32.169998
"2016-06-14",32.139999
"2016-06-15",31.610001
"2016-06-16",31.690001
"2016-06-17",31.76
"2016-06-20",32.169998
"2016-06-21",32.32
"2016-06-22",32.290001
"2016-06-23",32.990002
"2016-06-24",31.549999
"2016-06-27",30.719999
"2016-06-28",31.190001
"2016-06-29",31.93
"2016-06-30",32.799999
"2016-07-01",32.75
"2016-07-05",32.68
"2016-07-06",32.970001
"2016-07-07",33.200001
"2016-07-08",34
"2016-07-11",34.380001
"2016-07-12",34.939999
"2016-07-13",35.009998
"2016-07-14",35.200001
"2016-07-15",35.07
"2016-07-18",35.049999
"2016-07-19",35.150002
"2016-07-20",35.689999
"2016-07-21",34.27
"2016-07-22",34.66
"2016-07-25",34.689999
"2016-07-26",35.09
"2016-07-27",34.830002
"2016-07-28",34.77
"2016-07-29",34.860001
"2016-08-01",34.849998
"2016-08-02",34.560001
"2016-08-03",34.25
"2016-08-04",34.580002
"2016-08-05",34.98
"2016-08-08",35.040001
"2016-08-09",34.919998
"2016-08-10",34.529999
"2016-08-11",34.68
"2016-08-12",34.57
"2016-08-15",34.91
"2016-08-16",35.209999
"2016-08-17",35.02
"2016-08-18",34.970001
"2016-08-19",35.240002
"2016-08-22",35.360001
"2016-08-23",35.400002
"2016-08-24",35.150002
"2016-08-25",35.09
"2016-08-26",35.259998
"2016-08-29",35.549999
"2016-08-30",35.700001
"2016-08-31",35.889999
"2016-09-01",36.02
"2016-09-02",36.080002
"2016-09-06",36.57
"2016-09-07",36.459999
"2016-09-08",36.439999
"2016-09-09",35.439999
"2016-09-12",36.080002
"2016-09-13",35.610001
"2016-09-14",35.619999
"2016-09-15",36.560001
"2016-09-16",37.669998
"2016-09-19",37.16
"2016-09-20",37.139999
"2016-09-21",37.450001
"2016-09-22",37.549999
"2016-09-23",37.189999
"2016-09-26",36.650002
"2016-09-27",37.18
"2016-09-28",37.439999
"2016-09-29",37.32
"2016-09-30",37.75
"2016-10-03",37.66
"2016-10-04",37.540001
"2016-10-05",37.990002
"2016-10-06",38.07
"2016-10-07",38.099998
"2016-10-10",38.02
"2016-10-11",37.27
"2016-10-12",37.130001
"2016-10-13",36.970001
"2016-10-14",37.450001
"2016-10-17",37.290001
"2016-10-18",37.75
"2016-10-19",35.509998
"2016-10-20",35.43
"2016-10-21",35.150002
"2016-10-24",35.259998
"2016-10-25",35.099998
"2016-10-26",34.919998
"2016-10-27",34.810001
"2016-10-28",34.740002
"2016-10-31",34.869999
"2016-11-01",34.52
"2016-11-02",34.599998
"2016-11-03",33.93
"2016-11-04",33.610001
"2016-11-07",34.689999
"2016-11-08",34.740002
"2016-11-09",34.75
"2016-11-10",34.5
"2016-11-11",34.610001
"2016-11-14",34.48
"2016-11-15",34.91
"2016-11-16",34.84
"2016-11-17",35.02
"2016-11-18",34.950001
"2016-11-21",34.98
"2016-11-22",35.48
"2016-11-23",35.200001
"2016-11-25",35.439999
"2016-11-28",35.509998
"2016-11-29",35.310001
"2016-11-30",34.700001
"2016-12-01",33.759998
"2016-12-02",34.16
"2016-12-05",34.389999
"2016-12-06",34.720001
"2016-12-07",35.5
"2016-12-08",35.700001
"2016-12-09",35.759998
"2016-12-12",35.970001
"2016-12-13",36.799999
"2016-12-14",36.549999
"2016-12-15",36.790001
"2016-12-16",36.310001
"2016-12-19",36.889999
"2016-12-20",37.209999
"2016-12-21",36.98
"2016-12-22",36.93
"2016-12-23",36.970001
"2016-12-27",37.07
"2016-12-28",36.630001
"2016-12-29",36.66
"2016-12-30",36.27
"2017-01-03",36.599998
"2017-01-04",36.41
"2017-01-05",36.349998
"2017-01-06",36.48
"2017-01-09",36.610001
"2017-01-10",36.540001
"2017-01-11",36.950001
"2017-01-12",36.709999
"2017-01-13",36.790001
"2017-01-17",36.799999
"2017-01-18",36.759998
"2017-01-19",36.57
"2017-01-20",36.939999
"2017-01-23",36.77
"2017-01-24",37.619999
"2017-01-25",37.799999
"2017-01-26",37.560001
"2017-01-27",37.98
"2017-01-30",37.419998
"2017-01-31",36.82
"2017-02-01",36.52
"2017-02-02",36.68
"2017-02-03",36.52
"2017-02-06",36.27
"2017-02-07",36.349998
"2017-02-08",36.380001
"2017-02-09",35.459999
